"BranchType","DooProcessVersion","StepNumber","ProcessName","StepNumber1","StepNumber2","OrchestrationApplicationId","DooProcessVersion1","LastUpdatedBy","CreatedBy"
"","1","100","ClickShipCollect2","200","","10008","1","CURTIS.FEITTY","SCM_IMPL"
"","1","200","ClickShipCollect2","300","100","10008","1","CURTIS.FEITTY","SCM_IMPL"
"","1","300","ClickShipCollect2","400","200","10008","1","CURTIS.FEITTY","SCM_IMPL"
"","1","300","ClickShipCollect2","1000","","10008","1","CURTIS.FEITTY","SCM_IMPL"
"","1","400","ClickShipCollect2","500","300","10008","1","CURTIS.FEITTY","SCM_IMPL"
"","1","500","ClickShipCollect2","600","400","10008","1","CURTIS.FEITTY","SCM_IMPL"
"","1","600","ClickShipCollect2","700","500","10008","1","CURTIS.FEITTY","SCM_IMPL"
"","1","700","ClickShipCollect2","800","600","10008","1","CURTIS.FEITTY","SCM_IMPL"
"","1","800","ClickShipCollect2","900","700","10008","1","CURTIS.FEITTY","SCM_IMPL"
"","1","900","ClickShipCollect2","1500","800","10008","1","CURTIS.FEITTY","SCM_IMPL"
"","1","1000","ClickShipCollect2","1100","300","10008","1","CURTIS.FEITTY","SCM_IMPL"
"","1","1200","ClickShipCollect2","1300","1100","10008","1","CURTIS.FEITTY","SCM_IMPL"
"","1","1300","ClickShipCollect2","1400","1200","10008","1","CURTIS.FEITTY","SCM_IMPL"
"","1","1400","ClickShipCollect2","1500","1300","10008","1","CURTIS.FEITTY","SCM_IMPL"
"","1","1500","ClickShipCollect2","1600","900","10008","1","CURTIS.FEITTY","SCM_IMPL"
"","1","1500","ClickShipCollect2","","1400","10008","1","CURTIS.FEITTY","SCM_IMPL"
"","1","1600","ClickShipCollect2","1700","1500","10008","1","CURTIS.FEITTY","SCM_IMPL"
"","1","1700","ClickShipCollect2","","1600","10008","1","CURTIS.FEITTY","SCM_IMPL"
"","1","1100","ClickShipCollect2","1200","1000","10008","1","CURTIS.FEITTY","SCM_IMPL"
"","2","100","ClickShipCollect2","200","","10008","2","CURTIS.FEITTY","SCM_IMPL"
"","2","200","ClickShipCollect2","300","100","10008","2","CURTIS.FEITTY","SCM_IMPL"
"","2","300","ClickShipCollect2","400","200","10008","2","CURTIS.FEITTY","SCM_IMPL"
"","2","300","ClickShipCollect2","1000","","10008","2","CURTIS.FEITTY","SCM_IMPL"
"","2","400","ClickShipCollect2","500","300","10008","2","CURTIS.FEITTY","SCM_IMPL"
"","2","500","ClickShipCollect2","600","400","10008","2","CURTIS.FEITTY","SCM_IMPL"
"","2","600","ClickShipCollect2","700","500","10008","2","CURTIS.FEITTY","SCM_IMPL"
"","2","700","ClickShipCollect2","800","600","10008","2","CURTIS.FEITTY","SCM_IMPL"
"","2","800","ClickShipCollect2","900","700","10008","2","CURTIS.FEITTY","SCM_IMPL"
"","2","900","ClickShipCollect2","1500","800","10008","2","CURTIS.FEITTY","SCM_IMPL"
"","2","1000","ClickShipCollect2","1100","300","10008","2","CURTIS.FEITTY","SCM_IMPL"
"","2","1100","ClickShipCollect2","1200","1000","10008","2","CURTIS.FEITTY","SCM_IMPL"
"","2","1200","ClickShipCollect2","1300","1100","10008","2","CURTIS.FEITTY","SCM_IMPL"
"","2","1300","ClickShipCollect2","1400","1200","10008","2","CURTIS.FEITTY","SCM_IMPL"
"","2","1400","ClickShipCollect2","1500","1300","10008","2","CURTIS.FEITTY","SCM_IMPL"
"","2","1500","ClickShipCollect2","","1400","10008","2","CURTIS.FEITTY","SCM_IMPL"
"","2","1500","ClickShipCollect2","1600","900","10008","2","CURTIS.FEITTY","SCM_IMPL"
"","2","1600","ClickShipCollect2","1700","1500","10008","2","CURTIS.FEITTY","SCM_IMPL"
"","2","1700","ClickShipCollect2","","1600","10008","2","CURTIS.FEITTY","SCM_IMPL"
