"DOO_ORCHESTRATION_PROCESS.DooProcessVersion","DOO_ORCHESTRATION_PROCESS.ProcessName","Language","DooProcessVersion","Description","SourceLang","ProcessDisplayName"
"1","ClickShipCollect2","AR","1","Order online and collect from store or have it shipped (with a wait response)","US","ClickShipCollectProcess2"
"1","ClickShipCollect2","CS","1","Order online and collect from store or have it shipped (with a wait response)","US","ClickShipCollectProcess2"
"1","ClickShipCollect2","D","1","Online-Bestellung und Abholung im Ladengeschäft oder Versand (mit warten auf Rückmeldung)","D","ClickShipCollectProcess2"
"1","ClickShipCollect2","DK","1","Order online and collect from store or have it shipped (with a wait response)","US","ClickShipCollectProcess2"
"1","ClickShipCollect2","E","1","Pedir en línea y recoger en tienda o que se envíe(con una respuesta de espera)","E","ProcesoClicarEnviarRecoger2"
"1","ClickShipCollect2","EL","1","Order online and collect from store or have it shipped (with a wait response)","US","ClickShipCollectProcess2"
"1","ClickShipCollect2","ESA","1","Order online and collect from store or have it shipped (with a wait response)","US","ClickShipCollectProcess2"
"1","ClickShipCollect2","ET","1","Order online and collect from store or have it shipped (with a wait response)","US","ClickShipCollectProcess2"
"1","ClickShipCollect2","F","1","Créer une commande d'achat en ligne et l'enlever du magasin ou demander qu'elle vous soit envoyé (avec réponse en attente)","F","ClickShipCollectProcess2"
"1","ClickShipCollect2","FRC","1","Créer une commande d'achat en ligne et l'enlever du magasin ou demander qu'elle vous soit envoyé (avec réponse en attente)","FRC","ClickShipCollectProcess2"
"1","ClickShipCollect2","HR","1","Order online and collect from store or have it shipped (with a wait response)","US","ClickShipCollectProcess2"
"1","ClickShipCollect2","HU","1","Order online and collect from store or have it shipped (with a wait response)","US","ClickShipCollectProcess2"
"1","ClickShipCollect2","I","1","Ordine on line e raccolta dal negozio o spedizione (con una risposta di attesa)","I","ClickProcessoSpedireRitirare2"
"1","ClickShipCollect2","IS","1","Order online and collect from store or have it shipped (with a wait response)","US","ClickShipCollectProcess2"
"1","ClickShipCollect2","IW","1","Order online and collect from store or have it shipped (with a wait response)","US","ClickShipCollectProcess2"
"1","ClickShipCollect2","JA","1","Order online and collect from store or have it shipped (with a wait response)","US","ClickShipCollectProcess2"
"1","ClickShipCollect2","KO","1","온라인으로 주문하고 상점에서 수집하거나 발송(응답대기와)","KO","화물집하과정2클릭"
"1","ClickShipCollect2","LT","1","Order online and collect from store or have it shipped (with a wait response)","US","ClickShipCollectProcess2"
"1","ClickShipCollect2","LV","1","Order online and collect from store or have it shipped (with a wait response)","US","ClickShipCollectProcess2"
"1","ClickShipCollect2","N","1","Order online and collect from store or have it shipped (with a wait response)","US","ClickShipCollectProcess2"
"1","ClickShipCollect2","NL","1","Bestel online en haal op bij winkel of krijg het toegestuurd (met wacht op reactie)","NL","ClickShipCollectProcess2"
"1","ClickShipCollect2","PL","1","Order online and collect from store or have it shipped (with a wait response)","US","ClickShipCollectProcess2"
"1","ClickShipCollect2","PT","1","Order online and collect from store or have it shipped (with a wait response)","US","ClickShipCollectProcess2"
"1","ClickShipCollect2","PTB","1","Order online and collect from store or have it shipped (with a wait response)","US","ClickShipCollectProcess2"
"1","ClickShipCollect2","RO","1","Order online and collect from store or have it shipped (with a wait response)","US","ClickShipCollectProcess2"
"1","ClickShipCollect2","RU","1","Order online and collect from store or have it shipped (with a wait response)","US","ClickShipCollectProcess2"
"1","ClickShipCollect2","S","1","Order online and collect from store or have it shipped (with a wait response)","US","ClickShipCollectProcess2"
"1","ClickShipCollect2","SF","1","Order online and collect from store or have it shipped (with a wait response)","US","ClickShipCollectProcess2"
"1","ClickShipCollect2","SK","1","Order online and collect from store or have it shipped (with a wait response)","US","ClickShipCollectProcess2"
"1","ClickShipCollect2","SL","1","Order online and collect from store or have it shipped (with a wait response)","US","ClickShipCollectProcess2"
"1","ClickShipCollect2","TH","1","Order online and collect from store or have it shipped (with a wait response)","US","ClickShipCollectProcess2"
"1","ClickShipCollect2","TR","1","Order online and collect from store or have it shipped (with a wait response)","US","ClickShipCollectProcess2"
"1","ClickShipCollect2","US","1","Order online and collect from store or have it shipped (with a wait response)","US","ClickShipCollectProcess2"
"1","ClickShipCollect2","ZHS","1","在线订单并且来源于商店，或者已经发运（需要等待反馈）","ZHS","ClickShipCollectProcess2"
"1","ClickShipCollect2","ZHT","1","在線訂單並且來源于商店，或者已經發隕（需要等待反饋）","ZHT","ClickShipCollectProcess2"
"2","ClickShipCollect2","AR","2","Order online and collect from store or have it shipped (with a wait response)","US","ClickShipCollectProcess2"
"2","ClickShipCollect2","CS","2","Order online and collect from store or have it shipped (with a wait response)","US","ClickShipCollectProcess2"
"2","ClickShipCollect2","D","2","Online-Bestellung und Abholung im Ladengeschäft oder Versand (mit warten auf Rückmeldung)","D","ClickShipCollectProcess2"
"2","ClickShipCollect2","DK","2","Order online and collect from store or have it shipped (with a wait response)","US","ClickShipCollectProcess2"
"2","ClickShipCollect2","E","2","Pedir en línea y recoger en tienda o que se envíe(con una respuesta de espera)","E","ProcesoClicarEnviarRecoger2"
"2","ClickShipCollect2","EL","2","Order online and collect from store or have it shipped (with a wait response)","US","ClickShipCollectProcess2"
"2","ClickShipCollect2","ESA","2","Order online and collect from store or have it shipped (with a wait response)","US","ClickShipCollectProcess2"
"2","ClickShipCollect2","ET","2","Order online and collect from store or have it shipped (with a wait response)","US","ClickShipCollectProcess2"
"2","ClickShipCollect2","F","2","Créer une commande d'achat en ligne et l'enlever du magasin ou demander qu'elle vous soit envoyé (avec réponse en attente)","F","ClickShipCollectProcess2"
"2","ClickShipCollect2","FRC","2","Créer une commande d'achat en ligne et l'enlever du magasin ou demander qu'elle vous soit envoyé (avec réponse en attente)","FRC","ClickShipCollectProcess2"
"2","ClickShipCollect2","HR","2","Order online and collect from store or have it shipped (with a wait response)","US","ClickShipCollectProcess2"
"2","ClickShipCollect2","HU","2","Order online and collect from store or have it shipped (with a wait response)","US","ClickShipCollectProcess2"
"2","ClickShipCollect2","I","2","Ordine on line e raccolta dal negozio o spedizione (con una risposta di attesa)","I","ClickProcessoSpedireRitirare2"
"2","ClickShipCollect2","IS","2","Order online and collect from store or have it shipped (with a wait response)","US","ClickShipCollectProcess2"
"2","ClickShipCollect2","IW","2","Order online and collect from store or have it shipped (with a wait response)","US","ClickShipCollectProcess2"
"2","ClickShipCollect2","JA","2","Order online and collect from store or have it shipped (with a wait response)","US","ClickShipCollectProcess2"
"2","ClickShipCollect2","KO","2","온라인으로 주문하고 상점에서 수집하거나 발송(응답대기와)","KO","화물집하과정2클릭"
"2","ClickShipCollect2","LT","2","Order online and collect from store or have it shipped (with a wait response)","US","ClickShipCollectProcess2"
"2","ClickShipCollect2","LV","2","Order online and collect from store or have it shipped (with a wait response)","US","ClickShipCollectProcess2"
"2","ClickShipCollect2","N","2","Order online and collect from store or have it shipped (with a wait response)","US","ClickShipCollectProcess2"
"2","ClickShipCollect2","NL","2","Bestel online en haal op bij winkel of krijg het toegestuurd (met wacht op reactie)","NL","ClickShipCollectProcess2"
"2","ClickShipCollect2","PL","2","Order online and collect from store or have it shipped (with a wait response)","US","ClickShipCollectProcess2"
"2","ClickShipCollect2","PT","2","Order online and collect from store or have it shipped (with a wait response)","US","ClickShipCollectProcess2"
"2","ClickShipCollect2","PTB","2","Order online and collect from store or have it shipped (with a wait response)","US","ClickShipCollectProcess2"
"2","ClickShipCollect2","RO","2","Order online and collect from store or have it shipped (with a wait response)","US","ClickShipCollectProcess2"
"2","ClickShipCollect2","RU","2","Order online and collect from store or have it shipped (with a wait response)","US","ClickShipCollectProcess2"
"2","ClickShipCollect2","S","2","Order online and collect from store or have it shipped (with a wait response)","US","ClickShipCollectProcess2"
"2","ClickShipCollect2","SF","2","Order online and collect from store or have it shipped (with a wait response)","US","ClickShipCollectProcess2"
"2","ClickShipCollect2","SK","2","Order online and collect from store or have it shipped (with a wait response)","US","ClickShipCollectProcess2"
"2","ClickShipCollect2","SL","2","Order online and collect from store or have it shipped (with a wait response)","US","ClickShipCollectProcess2"
"2","ClickShipCollect2","TH","2","Order online and collect from store or have it shipped (with a wait response)","US","ClickShipCollectProcess2"
"2","ClickShipCollect2","TR","2","Order online and collect from store or have it shipped (with a wait response)","US","ClickShipCollectProcess2"
"2","ClickShipCollect2","UK","2","Order online and collect from store or have it shipped (with a wait response)","US","ClickShipCollectProcess2"
"2","ClickShipCollect2","US","2","Order online and collect from store or have it shipped (with a wait response)","US","ClickShipCollectProcess2"
"2","ClickShipCollect2","VN","2","Order online and collect from store or have it shipped (with a wait response)","US","ClickShipCollectProcess2"
"2","ClickShipCollect2","ZHS","2","在线订单并且来源于商店，或者已经发运（需要等待反馈）","ZHS","ClickShipCollectProcess2"
"2","ClickShipCollect2","ZHT","2","在線訂單並且來源于商店，或者已經發隕（需要等待反饋）","ZHT","ClickShipCollectProcess2"
