"ORA_DOO_ORCHESTRATION_PROCESS_STATUS_RULE_SET.OrchestrationApplicationCode","ORA_DOO_ORCHESTRATION_PROCESS_STATUS_RULE_SET.StatusRulesetCode","Language","Name","SourceLang"
"DOO","Copy of ClickShipCollect1","AR","Copy of ClickShipCollect1","US"
"DOO","Copy of ClickShipCollect1","CS","Copy of ClickShipCollect1","US"
"DOO","Copy of ClickShipCollect1","D","Copy of ClickShipCollect1","US"
"DOO","Copy of ClickShipCollect1","DK","Copy of ClickShipCollect1","US"
"DOO","Copy of ClickShipCollect1","E","Copy of ClickShipCollect1","US"
"DOO","Copy of ClickShipCollect1","EL","Copy of ClickShipCollect1","US"
"DOO","Copy of ClickShipCollect1","ESA","Copy of ClickShipCollect1","US"
"DOO","Copy of ClickShipCollect1","ET","Copy of ClickShipCollect1","US"
"DOO","Copy of ClickShipCollect1","F","Copy of ClickShipCollect1","US"
"DOO","Copy of ClickShipCollect1","FRC","Copy of ClickShipCollect1","US"
"DOO","Copy of ClickShipCollect1","HR","Copy of ClickShipCollect1","US"
"DOO","Copy of ClickShipCollect1","HU","Copy of ClickShipCollect1","US"
"DOO","Copy of ClickShipCollect1","I","Copy of ClickShipCollect1","US"
"DOO","Copy of ClickShipCollect1","IS","Copy of ClickShipCollect1","US"
"DOO","Copy of ClickShipCollect1","IW","Copy of ClickShipCollect1","US"
"DOO","Copy of ClickShipCollect1","JA","Copy of ClickShipCollect1","US"
"DOO","Copy of ClickShipCollect1","KO","Copy of ClickShipCollect1","US"
"DOO","Copy of ClickShipCollect1","LT","Copy of ClickShipCollect1","US"
"DOO","Copy of ClickShipCollect1","LV","Copy of ClickShipCollect1","US"
"DOO","Copy of ClickShipCollect1","N","Copy of ClickShipCollect1","US"
"DOO","Copy of ClickShipCollect1","NL","Copy of ClickShipCollect1","US"
"DOO","Copy of ClickShipCollect1","PL","Copy of ClickShipCollect1","US"
"DOO","Copy of ClickShipCollect1","PT","Copy of ClickShipCollect1","US"
"DOO","Copy of ClickShipCollect1","PTB","Copy of ClickShipCollect1","US"
"DOO","Copy of ClickShipCollect1","RO","Copy of ClickShipCollect1","US"
"DOO","Copy of ClickShipCollect1","RU","Copy of ClickShipCollect1","US"
"DOO","Copy of ClickShipCollect1","S","Copy of ClickShipCollect1","US"
"DOO","Copy of ClickShipCollect1","SF","Copy of ClickShipCollect1","US"
"DOO","Copy of ClickShipCollect1","SK","Copy of ClickShipCollect1","US"
"DOO","Copy of ClickShipCollect1","SL","Copy of ClickShipCollect1","US"
"DOO","Copy of ClickShipCollect1","TH","Copy of ClickShipCollect1","US"
"DOO","Copy of ClickShipCollect1","TR","Copy of ClickShipCollect1","US"
"DOO","Copy of ClickShipCollect1","UK","Copy of ClickShipCollect1","US"
"DOO","Copy of ClickShipCollect1","US","Copy of ClickShipCollect1","US"
"DOO","Copy of ClickShipCollect1","VN","Copy of ClickShipCollect1","US"
"DOO","Copy of ClickShipCollect1","ZHS","Copy of ClickShipCollect1","US"
"DOO","Copy of ClickShipCollect1","ZHT","Copy of ClickShipCollect1","US"
"DOO","Copy of ClickShipCollect1-Version 1","AR","Copy of ClickShipCollect1-Version 1","US"
"DOO","Copy of ClickShipCollect1-Version 1","CS","Copy of ClickShipCollect1-Version 1","US"
"DOO","Copy of ClickShipCollect1-Version 1","D","Copy of ClickShipCollect1-Version 1","US"
"DOO","Copy of ClickShipCollect1-Version 1","DK","Copy of ClickShipCollect1-Version 1","US"
"DOO","Copy of ClickShipCollect1-Version 1","E","Copy of ClickShipCollect1-Version 1","US"
"DOO","Copy of ClickShipCollect1-Version 1","EL","Copy of ClickShipCollect1-Version 1","US"
"DOO","Copy of ClickShipCollect1-Version 1","ESA","Copy of ClickShipCollect1-Version 1","US"
"DOO","Copy of ClickShipCollect1-Version 1","ET","Copy of ClickShipCollect1-Version 1","US"
"DOO","Copy of ClickShipCollect1-Version 1","F","Copy of ClickShipCollect1-Version 1","US"
"DOO","Copy of ClickShipCollect1-Version 1","FRC","Copy of ClickShipCollect1-Version 1","US"
"DOO","Copy of ClickShipCollect1-Version 1","HR","Copy of ClickShipCollect1-Version 1","US"
"DOO","Copy of ClickShipCollect1-Version 1","HU","Copy of ClickShipCollect1-Version 1","US"
"DOO","Copy of ClickShipCollect1-Version 1","I","Copy of ClickShipCollect1-Version 1","US"
"DOO","Copy of ClickShipCollect1-Version 1","IS","Copy of ClickShipCollect1-Version 1","US"
"DOO","Copy of ClickShipCollect1-Version 1","IW","Copy of ClickShipCollect1-Version 1","US"
"DOO","Copy of ClickShipCollect1-Version 1","JA","Copy of ClickShipCollect1-Version 1","US"
"DOO","Copy of ClickShipCollect1-Version 1","KO","Copy of ClickShipCollect1-Version 1","US"
"DOO","Copy of ClickShipCollect1-Version 1","LT","Copy of ClickShipCollect1-Version 1","US"
"DOO","Copy of ClickShipCollect1-Version 1","LV","Copy of ClickShipCollect1-Version 1","US"
"DOO","Copy of ClickShipCollect1-Version 1","N","Copy of ClickShipCollect1-Version 1","US"
"DOO","Copy of ClickShipCollect1-Version 1","NL","Copy of ClickShipCollect1-Version 1","US"
"DOO","Copy of ClickShipCollect1-Version 1","PL","Copy of ClickShipCollect1-Version 1","US"
"DOO","Copy of ClickShipCollect1-Version 1","PT","Copy of ClickShipCollect1-Version 1","US"
"DOO","Copy of ClickShipCollect1-Version 1","PTB","Copy of ClickShipCollect1-Version 1","US"
"DOO","Copy of ClickShipCollect1-Version 1","RO","Copy of ClickShipCollect1-Version 1","US"
"DOO","Copy of ClickShipCollect1-Version 1","RU","Copy of ClickShipCollect1-Version 1","US"
"DOO","Copy of ClickShipCollect1-Version 1","S","Copy of ClickShipCollect1-Version 1","US"
"DOO","Copy of ClickShipCollect1-Version 1","SF","Copy of ClickShipCollect1-Version 1","US"
"DOO","Copy of ClickShipCollect1-Version 1","SK","Copy of ClickShipCollect1-Version 1","US"
"DOO","Copy of ClickShipCollect1-Version 1","SL","Copy of ClickShipCollect1-Version 1","US"
"DOO","Copy of ClickShipCollect1-Version 1","TH","Copy of ClickShipCollect1-Version 1","US"
"DOO","Copy of ClickShipCollect1-Version 1","TR","Copy of ClickShipCollect1-Version 1","US"
"DOO","Copy of ClickShipCollect1-Version 1","UK","Copy of ClickShipCollect1-Version 1","US"
"DOO","Copy of ClickShipCollect1-Version 1","US","Copy of ClickShipCollect1-Version 1","US"
"DOO","Copy of ClickShipCollect1-Version 1","VN","Copy of ClickShipCollect1-Version 1","US"
"DOO","Copy of ClickShipCollect1-Version 1","ZHS","Copy of ClickShipCollect1-Version 1","US"
"DOO","Copy of ClickShipCollect1-Version 1","ZHT","Copy of ClickShipCollect1-Version 1","US"
