<?xml version="1.0" encoding="UTF-8" standalone="no"?><MigrationProcessCSVMetadataVO>
   <MigrationProcessCSVMetadataVORow>
      <ProcessId>-999</ProcessId>
      <ProcessName>Manage Order Profiles</ProcessName>
      <ProcessDescription>Manage Order Profiles</ProcessDescription>
      <ProcessDate/>
      <ObjectShortName>DOO_MANAGE_ORCHESTRATION_PROFILES</ObjectShortName>
      <ObjectType>TASK</ObjectType>
      <CreatedByFlow>TASK_CSV_SERVICE</CreatedByFlow>
      <MigrationProcessBusinessObjectCSVMetadata1>
         <MigrationProcessBusinessObjectCSVMetadataVORow>
            <ProcessId>-999</ProcessId>
            <BusinessObjectShortName>ORA_FND_APP_PROFILE_OPTION_LEVEL</BusinessObjectShortName>
            <BatchName>FND_APP_PROFILE_VALUE/ProfileOptionLoader</BatchName>
            <XmlAttributeList>LevelName,UpdateableFlag,EnabledFlag,CreationDate,CreatedBy,LastUpdateDate,LastUpdatedBy,LastUpdateLogin</XmlAttributeList>
            <XmlAttributeTypeList>string,string,string,dateTime,string,dateTime,string,string</XmlAttributeTypeList>
            <XmlNodePath>/ProfileOptionLoaderVO/ProfileOptionLoaderVORow/ProfileOptionLevelLoaderVO/ProfileOptionLevelLoaderVORow</XmlNodePath>
            <NodeSequence>1</NodeSequence>
         </MigrationProcessBusinessObjectCSVMetadataVORow>
         <MigrationProcessBusinessObjectCSVMetadataVORow>
            <ProcessId>-999</ProcessId>
            <BusinessObjectShortName>FND_APP_PROFILE_VALUE</BusinessObjectShortName>
            <BatchName>FND_APP_PROFILE_VALUE/ProfileOptionLoader</BatchName>
            <XmlAttributeList>LevelName,LevelValue,ProfileOptionValue,CreationDate,CreatedBy,LastUpdateDate,LastUpdatedBy,LastUpdateLogin</XmlAttributeList>
            <XmlAttributeTypeList>string,string,string,dateTime,string,dateTime,string,string</XmlAttributeTypeList>
            <XmlNodePath>/ProfileOptionLoaderVO/ProfileOptionLoaderVORow/ProfileOptionValueLoaderVO/ProfileOptionValueLoaderVORow</XmlNodePath>
            <NodeSequence>2</NodeSequence>
         </MigrationProcessBusinessObjectCSVMetadataVORow>
         <MigrationProcessBusinessObjectCSVMetadataVORow>
            <ProcessId>-999</ProcessId>
            <BusinessObjectShortName>FND_APP_PROFILE_OPTION</BusinessObjectShortName>
            <BatchName>FND_APP_PROFILE_VALUE/ProfileOptionLoader</BatchName>
            <XmlAttributeList>ProfileOptionName,ApplicationId,ModuleId,Description,SqlValidation,StartDateActive,EndDateActive,UserProfileOptionName,CreationDate,CreatedBy,LastUpdateDate,LastUpdatedBy,LastUpdateLogin</XmlAttributeList>
            <XmlAttributeTypeList>string,long,string,string,string,date,date,string,dateTime,string,dateTime,string,string</XmlAttributeTypeList>
            <XmlNodePath>/ProfileOptionLoaderVO/ProfileOptionLoaderVORow</XmlNodePath>
            <NodeSequence>3</NodeSequence>
         </MigrationProcessBusinessObjectCSVMetadataVORow>
      </MigrationProcessBusinessObjectCSVMetadata1>
      <MigrationProcessBatchCSVMetadata>
         <MigrationProcessBatchCSVMetadataVORow>
            <ProcessId>-999</ProcessId>
            <BatchName>f5f48099-3ec0-4820-be4b-48350a4aeda5/FND_APP_PROFILE_VALUE/ProfileOptionLoader</BatchName>
            <ImportSequence>0</ImportSequence>
            <ServiceName>oracle.apps.fnd.applcore.profiles.webservice.ProfileWS</ServiceName>
            <BatchSize>500</BatchSize>
         </MigrationProcessBatchCSVMetadataVORow>
      </MigrationProcessBatchCSVMetadata>
      <MigrationProcessScopeValueCSVMetadata>
         <MigrationProcessScopeValueCSVMetadataVORow>
            <ProcessId>-999</ProcessId>
            <MigScopeValueSetId/>
            <BusinessObjectShortName>FND_APP_PROFILE_VALUE</BusinessObjectShortName>
            <ScopeValueBoAttributeId>moduleKey</ScopeValueBoAttributeId>
            <ScopeValueBoAttributeValue>DOO</ScopeValueBoAttributeValue>
            <ScopeValueBoAttributeValueCode>DOO</ScopeValueBoAttributeValueCode>
         </MigrationProcessScopeValueCSVMetadataVORow>
         <MigrationProcessScopeValueCSVMetadataVORow>
            <ProcessId>-999</ProcessId>
            <MigScopeValueSetId/>
            <BusinessObjectShortName>FND_APP_PROFILE_VALUE</BusinessObjectShortName>
            <ScopeValueBoAttributeId>moduleType</ScopeValueBoAttributeId>
            <ScopeValueBoAttributeValue>APPLICATION</ScopeValueBoAttributeValue>
            <ScopeValueBoAttributeValueCode>APPLICATION</ScopeValueBoAttributeValueCode>
         </MigrationProcessScopeValueCSVMetadataVORow>
         <MigrationProcessScopeValueCSVMetadataVORow>
            <ProcessId>-999</ProcessId>
            <MigScopeValueSetId/>
            <BusinessObjectShortName>FND_APP_PROFILE_VALUE</BusinessObjectShortName>
            <ScopeValueBoAttributeId>mode</ScopeValueBoAttributeId>
            <ScopeValueBoAttributeValue>search</ScopeValueBoAttributeValue>
            <ScopeValueBoAttributeValueCode>search</ScopeValueBoAttributeValueCode>
         </MigrationProcessScopeValueCSVMetadataVORow>
      </MigrationProcessScopeValueCSVMetadata>
      <MigrationProcessMigrationObjectCSVMetadata>
         <MigrationProcessMigrationObjectCSVMetadataVORow>
            <ProcessId>-999</ProcessId>
            <BusinessObjectShortName>FND_APP_PROFILE_VALUE</BusinessObjectShortName>
            <MigrateFlag>Y</MigrateFlag>
            <IncludeExternalDataFlag>Y</IncludeExternalDataFlag>
         </MigrationProcessMigrationObjectCSVMetadataVORow>
      </MigrationProcessMigrationObjectCSVMetadata>
      <MigrationProcessTaskCSVMetadata null="true"/>
      <MigrationProcessServiceVersionCSVMetadata null="true"/>
   </MigrationProcessCSVMetadataVORow>
</MigrationProcessCSVMetadataVO>