"FND_APP_PROFILE_OPTION.ProfileOptionName","FND_APP_PROFILE_OPTION.ApplicationId","LevelName","LevelValue","ProfileOptionValue","CreationDate","CreatedBy","LastUpdateDate","LastUpdatedBy","LastUpdateLogin"
"ORA_DOO_RECOMPUTE_PROMISE_DATE","10008","SITE","SITE","ORA_ALL","2020/11/15 07:46:31.314","SEED_DATA_FROM_APPLICATION","2021/01/12 17:28:09.0","CUSTOMIZED_USER","B8B8457A7D10C59CE0539E90DF0A3687"
"FOM_ENABLE_CARD_PAYMENT","10008","SITE","SITE","Y","2021/01/08 21:02:52.001","CUSTOMIZED_USER","2021/01/08 21:03:06.439","CUSTOMIZED_USER","B86997696B256A72E0539E90DF0AF1F6"
"DOO_CURRENCY_CONVERSION_TYPE","10008","SITE","SITE","Corporate","2013/08/08 06:35:35.037","SEED_DATA_FROM_APPLICATION","2013/11/13 19:39:58.603","CUSTOMIZED_USER","EB1505A7D44470CAE0436204548CEC83"
"DOO_DISPLAY_CURRENCY","10008","SITE","SITE","USD","2013/08/08 06:35:35.082","SEED_DATA_FROM_APPLICATION","2013/11/13 19:39:41.0","CUSTOMIZED_USER","EB1505A7D44470CAE0436204548CEC83"
