"ProfileOptionName","ApplicationId","ModuleId","Description","SqlValidation","StartDateActive","EndDateActive","UserProfileOptionName","CreationDate","CreatedBy","LastUpdateDate","LastUpdatedBy","LastUpdateLogin"
"ORA_DOO_RECOMPUTE_PROMISE_DATE","10008","61ECAF4AAC52E990E040449821C61C97","If you enable this option, and if dates change in procurement, manufacturing, or inventory, then use GOP to calculate dates on sales orders in drop ship or back-to-back flows.","select MEANING, LOOKUP_CODE from FND_LOOKUPS where LOOKUP_TYPE='ORA_DOO_REDO_PROMISE_DATES'","2020/01/01","","Use Global Order Promising to Recalculate Dates in Order Management","2020/11/15 07:46:31.001","SEED_DATA_FROM_APPLICATION","2024/01/24 10:07:07.08289","SEED_DATA_FROM_APPLICATION","-1"
"FOM_ENABLE_CARD_PAYMENT","10008","61ECAF4AAB9FE990E040449821C61C97","Enable Credit Card in OM","","2021/01/01","","Enable Credit Card in OM","2021/01/08 20:59:39.002","CUSTOMIZED_USER","2021/01/08 21:01:38.493","CUSTOMIZED_USER","B86997696B256A72E0539E90DF0AF1F6"
"DOO_CURRENCY_CONVERSION_TYPE","10008","61ECAF4AAC6BE990E040449821C61C97","Specify the profile value to be used during any currency conversion.","select conversion_type, conversion_type
from msc_currency_conv_types
where deleted_flag = 'N'","1980/03/01","","Currency Conversion Type","2013/08/08 06:35:35.0","SEED_DATA_FROM_APPLICATION","2024/01/24 10:07:07.08289","SEED_DATA_FROM_APPLICATION","-1"
"DOO_DISPLAY_CURRENCY","10008","61ECAF4AAC6BE990E040449821C61C97","Currency used to display the amount in the Order Orchestration work area.","SELECT NAME, CURRENCY_CODE
FROM MSC_CURRENCIES_VL
WHERE ENABLED_FLAG='Y'
AND TRUNC(NVL(START_DATE_ACTIVE, SYSDATE)) <= TRUNC(SYSDATE)
AND TRUNC(NVL(END_DATE_ACTIVE, SYSDATE)) >= TRUNC(SYSDATE)
Order By Name","1980/03/01","","Display Currency","2013/08/08 06:35:35.048","SEED_DATA_FROM_APPLICATION","2024/01/24 10:07:07.08289","SEED_DATA_FROM_APPLICATION","-1"
