"FND_APP_PROFILE_OPTION.ProfileOptionName","FND_APP_PROFILE_OPTION.ApplicationId","LevelName","UpdateableFlag","EnabledFlag","CreationDate","CreatedBy","LastUpdateDate","LastUpdatedBy","LastUpdateLogin"
"ORA_DOO_RECOMPUTE_PROMISE_DATE","10008","PRODUCT","N","N","2020/11/15 07:46:31.322","SEED_DATA_FROM_APPLICATION","2024/01/24 10:07:12.683889","SEED_DATA_FROM_APPLICATION","-1"
"ORA_DOO_RECOMPUTE_PROMISE_DATE","10008","SITE","Y","Y","2020/11/15 07:46:31.331","SEED_DATA_FROM_APPLICATION","2024/01/24 10:07:12.683889","SEED_DATA_FROM_APPLICATION","-1"
"ORA_DOO_RECOMPUTE_PROMISE_DATE","10008","USER","N","N","2020/11/15 07:46:31.342","SEED_DATA_FROM_APPLICATION","2024/01/24 10:07:12.683889","SEED_DATA_FROM_APPLICATION","-1"
"FOM_ENABLE_CARD_PAYMENT","10008","PRODUCT","N","N","2021/01/08 21:01:38.575","CUSTOMIZED_USER","2021/01/08 21:01:39.013","CUSTOMIZED_USER","B86997696B256A72E0539E90DF0AF1F6"
"FOM_ENABLE_CARD_PAYMENT","10008","SITE","Y","Y","2021/01/08 21:01:38.508","CUSTOMIZED_USER","2021/01/08 21:01:50.036","CUSTOMIZED_USER","B86997696B256A72E0539E90DF0AF1F6"
"FOM_ENABLE_CARD_PAYMENT","10008","USER","N","N","2021/01/08 21:01:38.578","CUSTOMIZED_USER","2021/01/08 21:01:39.021","CUSTOMIZED_USER","B86997696B256A72E0539E90DF0AF1F6"
"DOO_CURRENCY_CONVERSION_TYPE","10008","PRODUCT","N","N","2013/08/08 06:35:35.0","SEED_DATA_FROM_APPLICATION","2024/01/24 10:07:12.683889","SEED_DATA_FROM_APPLICATION","-1"
"DOO_CURRENCY_CONVERSION_TYPE","10008","SITE","Y","Y","2013/08/08 06:35:35.04","SEED_DATA_FROM_APPLICATION","2024/01/24 10:07:12.683889","SEED_DATA_FROM_APPLICATION","-1"
"DOO_CURRENCY_CONVERSION_TYPE","10008","USER","N","N","2013/08/08 06:35:35.0","SEED_DATA_FROM_APPLICATION","2024/01/24 10:07:12.683889","SEED_DATA_FROM_APPLICATION","-1"
"DOO_DISPLAY_CURRENCY","10008","PRODUCT","N","N","2013/08/08 06:35:35.048","SEED_DATA_FROM_APPLICATION","2024/01/24 10:07:12.683889","SEED_DATA_FROM_APPLICATION","-1"
"DOO_DISPLAY_CURRENCY","10008","SITE","Y","Y","2013/08/08 06:35:35.083","SEED_DATA_FROM_APPLICATION","2024/01/24 10:07:12.683889","SEED_DATA_FROM_APPLICATION","-1"
"DOO_DISPLAY_CURRENCY","10008","USER","N","N","2013/08/08 06:35:35.048","SEED_DATA_FROM_APPLICATION","2024/01/24 10:07:12.683889","SEED_DATA_FROM_APPLICATION","-1"
