"FUN_BUSINESS_UNIT.Name","ModuleId","ConfigurationStatus","CreatedBy","CreationDate","LastUpdatedBy","LastUpdateDate","LastUpdateLogin"
"AU Council Business Unit","10","Y","FIN_IMPL","2021/02/02 16:50:38.692","FIN_IMPL","2021/02/02 16:50:40.659","BA5CCB5A83A437C4E0539E90DF0AD83E"
"AU Council Business Unit","20","Y","FIN_IMPL","2021/02/02 16:50:38.816","FIN_IMPL","2021/02/02 16:50:40.713","BA5CCB5A83A437C4E0539E90DF0AD83E"
"AU Council Business Unit","30","Y","FIN_IMPL","2021/02/02 16:50:38.774","FIN_IMPL","2021/02/02 16:50:40.683","BA5CCB5A83A437C4E0539E90DF0AD83E"
"AU Council Business Unit","40","Y","FIN_IMPL","2021/02/02 16:50:38.776","FIN_IMPL","2021/02/02 16:50:40.685","BA5CCB5A83A437C4E0539E90DF0AD83E"
"AU Council Business Unit","50","Y","FIN_IMPL","2021/02/02 16:50:38.779","FIN_IMPL","2021/02/02 16:50:40.688","BA5CCB5A83A437C4E0539E90DF0AD83E"
"AU Council Business Unit","70","Y","FIN_IMPL","2021/02/02 16:50:38.781","FIN_IMPL","2021/02/02 16:50:40.69","BA5CCB5A83A437C4E0539E90DF0AD83E"
"AU Council Business Unit","80","Y","FIN_IMPL","2021/02/02 16:50:38.784","FIN_IMPL","2021/02/02 16:50:40.692","BA5CCB5A83A437C4E0539E90DF0AD83E"
"AU Council Business Unit","90","Y","FIN_IMPL","2021/02/02 16:50:38.787","FIN_IMPL","2021/02/02 16:50:40.694","BA5CCB5A83A437C4E0539E90DF0AD83E"
"AU Council Business Unit","100","Y","FIN_IMPL","2021/02/02 16:50:38.791","FIN_IMPL","2021/02/02 16:50:40.696","BA5CCB5A83A437C4E0539E90DF0AD83E"
"AU Council Business Unit","110","Y","FIN_IMPL","2021/02/02 16:50:38.793","FIN_IMPL","2021/02/02 16:50:40.698","BA5CCB5A83A437C4E0539E90DF0AD83E"
"AU Council Business Unit","120","Y","FIN_IMPL","2021/02/02 16:50:38.796","FIN_IMPL","2021/02/02 16:50:40.7","BA5CCB5A83A437C4E0539E90DF0AD83E"
"AU Council Business Unit","130","Y","FIN_IMPL","2021/02/02 16:50:38.799","FIN_IMPL","2021/02/02 16:50:40.702","BA5CCB5A83A437C4E0539E90DF0AD83E"
"AU Council Business Unit","140","Y","FIN_IMPL","2021/02/02 16:50:38.801","FIN_IMPL","2021/02/02 16:50:40.705","BA5CCB5A83A437C4E0539E90DF0AD83E"
"AU Council Business Unit","160","Y","FIN_IMPL","2021/02/02 16:50:38.804","FIN_IMPL","2021/02/02 16:50:40.707","BA5CCB5A83A437C4E0539E90DF0AD83E"
"AU Council Business Unit","180","Y","FIN_IMPL","2021/02/02 16:50:38.806","FIN_IMPL","2021/02/02 16:50:40.709","BA5CCB5A83A437C4E0539E90DF0AD83E"
"AU Council Business Unit","190","Y","FIN_IMPL","2021/02/02 16:50:38.809","FIN_IMPL","2021/02/02 16:50:40.711","BA5CCB5A83A437C4E0539E90DF0AD83E"
"Australia Business Unit","10","Y","FIN_IMPL","2016/07/18 09:20:08.102","FIN_IMPL","2016/07/18 09:21:46.645","37B7C83AD8AD186FE0537AA3FD0ACB26"
"Australia Business Unit","20","Y","FIN_IMPL","2016/07/18 09:20:08.103","FIN_IMPL","2016/07/18 09:21:46.647","37B7C83AD8AD186FE0537AA3FD0ACB26"
"Australia Business Unit","30","Y","FIN_IMPL","2016/07/18 09:20:08.0","FIN_IMPL","2016/07/18 09:21:46.628","37B7C83AD8AD186FE0537AA3FD0ACB26"
"Australia Business Unit","40","Y","FIN_IMPL","2016/07/18 09:20:08.096","FIN_IMPL","2016/07/18 09:21:46.641","37B7C83AD8AD186FE0537AA3FD0ACB26"
"Australia Business Unit","70","Y","FIN_IMPL","2016/07/18 09:20:08.09","FIN_IMPL","2016/07/18 09:21:46.638","37B7C83AD8AD186FE0537AA3FD0ACB26"
"Australia Business Unit","80","Y","FIN_IMPL","2016/07/18 09:20:08.1","FIN_IMPL","2016/07/18 09:21:46.644","37B7C83AD8AD186FE0537AA3FD0ACB26"
"Australia Business Unit","90","Y","FIN_IMPL","2016/07/18 09:20:08.093","FIN_IMPL","2016/07/18 09:21:46.641","37B7C83AD8AD186FE0537AA3FD0ACB26"
"Australia Business Unit","110","Y","FIN_IMPL","2016/07/18 09:20:08.105","FIN_IMPL","2016/07/18 09:21:46.648","37B7C83AD8AD186FE0537AA3FD0ACB26"
"Australia Business Unit","120","Y","FIN_IMPL","2016/07/18 09:20:08.109","FIN_IMPL","2016/07/18 09:21:46.651","37B7C83AD8AD186FE0537AA3FD0ACB26"
"Australia Business Unit","130","Y","FIN_IMPL","2016/07/18 09:20:08.108","FIN_IMPL","2016/07/18 09:21:46.65","37B7C83AD8AD186FE0537AA3FD0ACB26"
"Australia Business Unit","140","Y","FIN_IMPL","2016/07/18 09:20:08.097","FIN_IMPL","2016/07/18 09:21:46.642","37B7C83AD8AD186FE0537AA3FD0ACB26"
"Australia Business Unit","180","Y","FIN_IMPL","2016/07/18 09:20:08.106","FIN_IMPL","2016/07/18 09:21:46.649","37B7C83AD8AD186FE0537AA3FD0ACB26"
"Belgium Business Unit","10","Y","FIN_IMPL","2015/07/17 08:57:58.085","FIN_IMPL","2015/07/17 08:58:01.221","1B0B5AAC31335DEDE0536204548C05C1"
"Belgium Business Unit","20","Y","FIN_IMPL","2015/07/17 08:57:58.086","FIN_IMPL","2015/07/17 08:58:01.222","1B0B5AAC31335DEDE0536204548C05C1"
"Belgium Business Unit","30","Y","FIN_IMPL","2015/07/17 08:57:58.0","FIN_IMPL","2015/07/17 08:58:01.151","1B0B5AAC31335DEDE0536204548C05C1"
"Belgium Business Unit","40","Y","FIN_IMPL","2015/07/17 08:57:58.075","FIN_IMPL","2015/07/17 08:58:01.219","1B0B5AAC31335DEDE0536204548C05C1"
"Belgium Business Unit","50","Y","FIN_IMPL","2015/07/17 08:57:58.098","FIN_IMPL","2015/07/17 08:58:01.229","1B0B5AAC31335DEDE0536204548C05C1"
"Belgium Business Unit","70","Y","FIN_IMPL","2015/07/17 08:57:58.07","FIN_IMPL","2015/07/17 08:58:01.217","1B0B5AAC31335DEDE0536204548C05C1"
"Belgium Business Unit","80","Y","FIN_IMPL","2015/07/17 08:57:58.08","FIN_IMPL","2015/07/17 08:58:01.22","1B0B5AAC31335DEDE0536204548C05C1"
"Belgium Business Unit","90","Y","FIN_IMPL","2015/07/17 08:57:58.073","FIN_IMPL","2015/07/17 08:58:01.218","1B0B5AAC31335DEDE0536204548C05C1"
"Belgium Business Unit","100","Y","FIN_IMPL","2015/07/17 08:57:58.092","FIN_IMPL","2015/07/17 08:58:01.226","1B0B5AAC31335DEDE0536204548C05C1"
"Belgium Business Unit","110","Y","FIN_IMPL","2015/07/17 08:57:58.088","FIN_IMPL","2015/07/17 08:58:01.224","1B0B5AAC31335DEDE0536204548C05C1"
"Belgium Business Unit","120","Y","FIN_IMPL","2015/07/17 08:57:58.095","FIN_IMPL","2015/07/17 08:58:01.227","1B0B5AAC31335DEDE0536204548C05C1"
"Belgium Business Unit","130","Y","FIN_IMPL","2015/07/17 08:57:58.093","FIN_IMPL","2015/07/17 08:58:01.227","1B0B5AAC31335DEDE0536204548C05C1"
"Belgium Business Unit","140","Y","FIN_IMPL","2015/07/17 08:57:58.076","FIN_IMPL","2015/07/17 08:58:01.22","1B0B5AAC31335DEDE0536204548C05C1"
"Belgium Business Unit","180","Y","FIN_IMPL","2015/07/17 08:57:58.089","FIN_IMPL","2015/07/17 08:58:01.225","1B0B5AAC31335DEDE0536204548C05C1"
"Belgium Business Unit","200","Y","FIN_IMPL","2015/07/17 08:57:58.097","FIN_IMPL","2015/07/17 08:58:01.228","1B0B5AAC31335DEDE0536204548C05C1"
"Canada Business Unit","10","Y","FIN_IMPL","2016/09/08 16:33:31.034","FIN_IMPL","2016/09/08 16:33:32.331","3C0237F831031541E0537AA3FD0A440C"
"Canada Business Unit","20","Y","FIN_IMPL","2016/09/08 16:33:31.035","FIN_IMPL","2016/09/08 16:33:32.332","3C0237F831031541E0537AA3FD0A440C"
"Canada Business Unit","30","Y","FIN_IMPL","2016/09/08 16:33:31.0","FIN_IMPL","2016/09/08 16:33:32.325","3C0237F831031541E0537AA3FD0A440C"
"Canada Business Unit","40","Y","FIN_IMPL","2016/09/14 11:35:01.045","FIN_IMPL","2016/09/14 11:35:08.042","3C75DAFCAEC77CCEE0537AA3FD0AE46C"
"Canada Business Unit","70","Y","FIN_IMPL","2016/09/14 11:35:01.0","FIN_IMPL","2016/09/14 11:35:08.02","3C75DAFCAEC77CCEE0537AA3FD0AE46C"
"Canada Business Unit","80","Y","FIN_IMPL","2016/09/14 11:35:01.048","FIN_IMPL","2016/09/14 11:35:08.043","3C75DAFCAEC77CCEE0537AA3FD0AE46C"
"Canada Business Unit","90","Y","FIN_IMPL","2016/09/14 11:35:01.042","FIN_IMPL","2016/09/14 11:35:08.04","3C75DAFCAEC77CCEE0537AA3FD0AE46C"
"Canada Business Unit","100","Y","FIN_IMPL","2016/09/14 11:35:01.05","FIN_IMPL","2016/09/14 11:35:08.045","3C75DAFCAEC77CCEE0537AA3FD0AE46C"
"Canada Business Unit","110","Y","FIN_IMPL","2016/09/08 16:33:31.036","FIN_IMPL","2016/09/08 16:33:32.334","3C0237F831031541E0537AA3FD0A440C"
"Canada Business Unit","120","Y","FIN_IMPL","2016/09/08 16:33:31.038","FIN_IMPL","2016/09/08 16:33:32.335","3C0237F831031541E0537AA3FD0A440C"
"Canada Business Unit","130","Y","FIN_IMPL","2016/09/14 11:35:01.052","FIN_IMPL","2016/09/14 11:35:08.046","3C75DAFCAEC77CCEE0537AA3FD0AE46C"
"Canada Business Unit","140","Y","FIN_IMPL","2016/09/14 11:35:01.046","FIN_IMPL","2016/09/14 11:35:08.043","3C75DAFCAEC77CCEE0537AA3FD0AE46C"
"Canada Business Unit","180","Y","FIN_IMPL","2016/09/14 11:35:01.049","FIN_IMPL","2016/09/14 11:35:08.044","3C75DAFCAEC77CCEE0537AA3FD0AE46C"
"China Business Unit","10","Y","FIN_IMPL","2014/04/24 12:09:39.055","FIN_IMPL","2014/04/24 12:09:40.573","F7C9A2D34D212AB5E0436204548C64AA"
"China Business Unit","20","Y","FIN_IMPL","2014/04/24 12:09:39.057","FIN_IMPL","2014/04/24 12:09:40.574","F7C9A2D34D212AB5E0436204548C64AA"
"China Business Unit","30","Y","FIN_IMPL","2014/04/24 12:09:39.0","FIN_IMPL","2014/04/24 12:09:40.565","F7C9A2D34D212AB5E0436204548C64AA"
"China Business Unit","40","Y","FIN_IMPL","2014/04/24 12:09:39.049","FIN_IMPL","2014/04/24 12:09:40.57","F7C9A2D34D212AB5E0436204548C64AA"
"China Business Unit","50","Y","FIN_IMPL","2014/04/24 12:09:39.066","FIN_IMPL","2014/04/24 12:09:40.578","F7C9A2D34D212AB5E0436204548C64AA"
"China Business Unit","70","Y","FIN_IMPL","2014/04/24 12:09:39.045","FIN_IMPL","2014/04/24 12:09:40.568","F7C9A2D34D212AB5E0436204548C64AA"
"China Business Unit","80","Y","FIN_IMPL","2014/04/24 12:09:39.052","FIN_IMPL","2014/04/24 12:09:40.572","F7C9A2D34D212AB5E0436204548C64AA"
"China Business Unit","90","Y","FIN_IMPL","2014/04/24 12:09:39.046","FIN_IMPL","2014/04/24 12:09:40.57","F7C9A2D34D212AB5E0436204548C64AA"
"China Business Unit","100","Y","FIN_IMPL","2014/04/24 12:09:39.061","FIN_IMPL","2014/04/24 12:09:40.576","F7C9A2D34D212AB5E0436204548C64AA"
"China Business Unit","110","Y","FIN_IMPL","2014/04/24 12:09:39.058","FIN_IMPL","2014/04/24 12:09:40.574","F7C9A2D34D212AB5E0436204548C64AA"
"China Business Unit","120","Y","FIN_IMPL","2014/04/24 12:09:39.063","FIN_IMPL","2014/04/24 12:09:40.577","F7C9A2D34D212AB5E0436204548C64AA"
"China Business Unit","130","Y","FIN_IMPL","2014/04/24 12:09:39.062","FIN_IMPL","2014/04/24 12:09:40.576","F7C9A2D34D212AB5E0436204548C64AA"
"China Business Unit","140","Y","FIN_IMPL","2014/04/24 12:09:39.05","FIN_IMPL","2014/04/24 12:09:40.571","F7C9A2D34D212AB5E0436204548C64AA"
"China Business Unit","180","Y","FIN_IMPL","2014/04/24 12:09:39.06","FIN_IMPL","2014/04/24 12:09:40.575","F7C9A2D34D212AB5E0436204548C64AA"
"China Business Unit","200","Y","FIN_IMPL","2014/04/24 12:09:39.064","FIN_IMPL","2014/04/24 12:09:40.577","F7C9A2D34D212AB5E0436204548C64AA"
"Federal US Business Unit","10","Y","FIN_IMPL","2021/01/08 09:34:31.114","FIN_IMPL","2021/01/08 09:34:35.003","B85FF6D50D7E2616E0539E90DF0A6B8D"
"Federal US Business Unit","20","Y","FIN_IMPL","2021/01/08 09:34:31.116","FIN_IMPL","2021/01/08 09:34:35.005","B85FF6D50D7E2616E0539E90DF0A6B8D"
"Federal US Business Unit","30","Y","FIN_IMPL","2021/01/08 09:34:31.0","FIN_IMPL","2021/01/08 09:34:34.973","B85FF6D50D7E2616E0539E90DF0A6B8D"
"Federal US Business Unit","40","Y","FIN_IMPL","2021/01/08 09:34:31.1","FIN_IMPL","2021/01/08 09:34:34.993","B85FF6D50D7E2616E0539E90DF0A6B8D"
"Federal US Business Unit","50","Y","FIN_IMPL","2021/01/08 09:34:31.132","FIN_IMPL","2021/01/08 09:34:35.018","B85FF6D50D7E2616E0539E90DF0A6B8D"
"Federal US Business Unit","70","Y","FIN_IMPL","2021/01/08 09:34:31.096","FIN_IMPL","2021/01/08 09:34:34.988","B85FF6D50D7E2616E0539E90DF0A6B8D"
"Federal US Business Unit","80","Y","FIN_IMPL","2021/01/08 09:34:31.111","FIN_IMPL","2021/01/08 09:34:35.0","B85FF6D50D7E2616E0539E90DF0A6B8D"
"Federal US Business Unit","90","Y","FIN_IMPL","2021/01/08 09:34:31.098","FIN_IMPL","2021/01/08 09:34:34.992","B85FF6D50D7E2616E0539E90DF0A6B8D"
"Federal US Business Unit","100","Y","FIN_IMPL","2021/01/08 09:34:31.122","FIN_IMPL","2021/01/08 09:34:35.01","B85FF6D50D7E2616E0539E90DF0A6B8D"
"Federal US Business Unit","110","Y","FIN_IMPL","2021/01/08 09:34:31.118","FIN_IMPL","2021/01/08 09:34:35.006","B85FF6D50D7E2616E0539E90DF0A6B8D"
"Federal US Business Unit","120","Y","FIN_IMPL","2021/01/08 09:34:31.125","FIN_IMPL","2021/01/08 09:34:35.013","B85FF6D50D7E2616E0539E90DF0A6B8D"
"Federal US Business Unit","130","Y","FIN_IMPL","2021/01/08 09:34:31.124","FIN_IMPL","2021/01/08 09:34:35.011","B85FF6D50D7E2616E0539E90DF0A6B8D"
"Federal US Business Unit","140","Y","FIN_IMPL","2021/01/08 09:34:31.101","FIN_IMPL","2021/01/08 09:34:34.995","B85FF6D50D7E2616E0539E90DF0A6B8D"
"Federal US Business Unit","160","Y","FIN_IMPL","2021/01/08 09:34:31.13","FIN_IMPL","2021/01/08 09:34:35.016","B85FF6D50D7E2616E0539E90DF0A6B8D"
"Federal US Business Unit","180","Y","FIN_IMPL","2021/01/08 09:34:31.12","FIN_IMPL","2021/01/08 09:34:35.008","B85FF6D50D7E2616E0539E90DF0A6B8D"
"Federal US Business Unit","190","Y","FIN_IMPL","2021/01/08 09:34:31.106","FIN_IMPL","2021/01/08 09:34:34.996","B85FF6D50D7E2616E0539E90DF0A6B8D"
"Federal US Business Unit","200","Y","FIN_IMPL","2021/01/08 09:34:31.129","FIN_IMPL","2021/01/08 09:34:35.014","B85FF6D50D7E2616E0539E90DF0A6B8D"
"Federal US Business Unit","210","Y","FIN_IMPL","2021/01/08 09:34:31.108","FIN_IMPL","2021/01/08 09:34:34.998","B85FF6D50D7E2616E0539E90DF0A6B8D"
"Fin Svcs UK Business Unit","10","Y","FIN_IMPL","2016/10/05 14:46:42.012","FIN_IMPL","2016/10/05 14:46:44.639","3E20278F06C0694CE0537AA3FD0A975C"
"Fin Svcs UK Business Unit","20","Y","FIN_IMPL","2016/10/05 14:46:42.013","FIN_IMPL","2016/10/05 14:46:44.64","3E20278F06C0694CE0537AA3FD0A975C"
"Fin Svcs UK Business Unit","80","Y","FIN_IMPL","2016/10/05 14:46:42.011","FIN_IMPL","2016/10/05 14:46:44.638","3E20278F06C0694CE0537AA3FD0A975C"
"Fin Svcs UK Business Unit","110","Y","FIN_IMPL","2016/10/05 14:46:42.014","FIN_IMPL","2016/10/05 14:46:44.641","3E20278F06C0694CE0537AA3FD0A975C"
"Fin Svcs UK Business Unit","120","Y","FIN_IMPL","2016/10/05 14:46:42.017","FIN_IMPL","2016/10/05 14:46:44.643","3E20278F06C0694CE0537AA3FD0A975C"
"Fin Svcs UK Business Unit","130","Y","FIN_IMPL","2016/10/05 14:46:42.016","FIN_IMPL","2016/10/05 14:46:44.642","3E20278F06C0694CE0537AA3FD0A975C"
"Fin Svcs UK Business Unit","140","Y","FIN_IMPL","2016/10/05 14:46:42.0","FIN_IMPL","2016/10/05 14:46:44.636","3E20278F06C0694CE0537AA3FD0A975C"
"Fin Svcs US Business Unit","10","Y","FIN_IMPL","2016/10/05 14:45:00.044","FIN_IMPL","2016/10/05 14:45:04.954","3E20278F06C0694CE0537AA3FD0A975C"
"Fin Svcs US Business Unit","20","Y","FIN_IMPL","2016/10/05 14:45:00.046","FIN_IMPL","2016/10/05 14:45:04.956","3E20278F06C0694CE0537AA3FD0A975C"
"Fin Svcs US Business Unit","80","Y","FIN_IMPL","2016/10/05 14:45:00.042","FIN_IMPL","2016/10/05 14:45:04.95","3E20278F06C0694CE0537AA3FD0A975C"
"Fin Svcs US Business Unit","110","Y","FIN_IMPL","2016/10/05 14:45:00.048","FIN_IMPL","2016/10/05 14:45:04.956","3E20278F06C0694CE0537AA3FD0A975C"
"Fin Svcs US Business Unit","120","Y","FIN_IMPL","2016/10/05 14:45:00.055","FIN_IMPL","2016/10/05 14:45:04.959","3E20278F06C0694CE0537AA3FD0A975C"
"Fin Svcs US Business Unit","130","Y","FIN_IMPL","2016/10/05 14:45:00.052","FIN_IMPL","2016/10/05 14:45:04.958","3E20278F06C0694CE0537AA3FD0A975C"
"Fin Svcs US Business Unit","140","Y","FIN_IMPL","2016/10/05 14:45:00.0","FIN_IMPL","2016/10/05 14:45:04.944","3E20278F06C0694CE0537AA3FD0A975C"
"France Business Unit","10","Y","FIN_IMPL","2013/11/15 19:52:57.223","FIN_IMPL","2013/11/15 19:52:57.248","EB3D894679386B32E0436204548CC133"
"France Business Unit","20","Y","FUSION","2014/07/16 16:13:15.404695","FUSION","2014/07/16 16:13:15.404695","0"
"France Business Unit","30","Y","FIN_IMPL","2013/11/15 19:52:57.178","FIN_IMPL","2013/11/15 19:52:57.239","EB3D894679386B32E0436204548CC133"
"France Business Unit","40","Y","FIN_IMPL","2013/11/15 19:52:57.213","FIN_IMPL","2013/11/15 19:52:57.245","EB3D894679386B32E0436204548CC133"
"France Business Unit","50","Y","FIN_IMPL","2013/11/15 19:52:57.233","FIN_IMPL","2013/11/15 19:52:57.25","EB3D894679386B32E0436204548CC133"
"France Business Unit","70","Y","FIN_IMPL","2013/11/15 19:52:57.21","FIN_IMPL","2013/11/15 19:52:57.244","EB3D894679386B32E0436204548CC133"
"France Business Unit","80","Y","FIN_IMPL","2013/11/15 19:52:57.22","FIN_IMPL","2013/11/15 19:52:57.247","EB3D894679386B32E0436204548CC133"
"France Business Unit","90","Y","FIN_IMPL","2013/11/15 19:52:57.211","FIN_IMPL","2013/11/15 19:52:57.245","EB3D894679386B32E0436204548CC133"
"France Business Unit","100","Y","FIN_IMPL","2013/11/15 19:52:57.227","FIN_IMPL","2013/11/15 19:52:57.249","EB3D894679386B32E0436204548CC133"
"France Business Unit","110","Y","FIN_IMPL","2013/11/15 19:52:57.224","FIN_IMPL","2013/11/15 19:52:57.248","EB3D894679386B32E0436204548CC133"
"France Business Unit","120","Y","FIN_IMPL","2013/11/15 19:52:57.23","FIN_IMPL","2013/11/15 19:52:57.249","EB3D894679386B32E0436204548CC133"
"France Business Unit","130","Y","FIN_IMPL","2013/11/15 19:52:57.229","FIN_IMPL","2013/11/15 19:52:57.249","EB3D894679386B32E0436204548CC133"
"France Business Unit","140","Y","FIN_IMPL","2013/11/15 19:52:57.214","FIN_IMPL","2013/11/15 19:52:57.246","EB3D894679386B32E0436204548CC133"
"France Business Unit","160","Y","FIN_IMPL","2013/11/15 19:52:57.231","FIN_IMPL","2013/11/15 19:52:57.25","EB3D894679386B32E0436204548CC133"
"France Business Unit","180","Y","FIN_IMPL","2013/11/15 19:52:57.226","FIN_IMPL","2013/11/15 19:52:57.248","EB3D894679386B32E0436204548CC133"
"Germany Business Unit","10","Y","FIN_IMPL","2016/06/13 10:26:38.043","FIN_IMPL","2016/06/13 10:26:39.959","3527356960E33DFEE053CFFBE70AAC9F"
"Germany Business Unit","20","Y","FIN_IMPL","2016/06/13 10:26:38.044","FIN_IMPL","2016/06/13 10:26:39.96","3527356960E33DFEE053CFFBE70AAC9F"
"Germany Business Unit","30","Y","FIN_IMPL","2016/06/13 10:26:38.0","FIN_IMPL","2016/06/13 10:26:39.95","3527356960E33DFEE053CFFBE70AAC9F"
"Germany Business Unit","40","Y","FIN_IMPL","2016/06/13 10:26:38.039","FIN_IMPL","2016/06/13 10:26:39.957","3527356960E33DFEE053CFFBE70AAC9F"
"Germany Business Unit","70","Y","FIN_IMPL","2016/06/13 10:26:38.036","FIN_IMPL","2016/06/13 10:26:39.955","3527356960E33DFEE053CFFBE70AAC9F"
"Germany Business Unit","80","Y","FIN_IMPL","2016/06/13 10:26:38.041","FIN_IMPL","2016/06/13 10:26:39.958","3527356960E33DFEE053CFFBE70AAC9F"
"Germany Business Unit","90","Y","FIN_IMPL","2016/06/13 10:26:38.037","FIN_IMPL","2016/06/13 10:26:39.956","3527356960E33DFEE053CFFBE70AAC9F"
"Germany Business Unit","100","Y","FIN_IMPL","2016/08/29 14:48:19.0","FIN_IMPL","2016/08/29 14:48:25.401","3B3548421B9E50A6E0537AA3FD0A51D6"
"Germany Business Unit","110","Y","FIN_IMPL","2016/06/13 10:26:38.045","FIN_IMPL","2016/06/13 10:26:39.961","3527356960E33DFEE053CFFBE70AAC9F"
"Germany Business Unit","120","Y","FIN_IMPL","2016/06/13 10:26:38.05","FIN_IMPL","2016/06/13 10:26:39.963","3527356960E33DFEE053CFFBE70AAC9F"
"Germany Business Unit","130","Y","FIN_IMPL","2016/06/13 10:26:38.048","FIN_IMPL","2016/06/13 10:26:39.962","3527356960E33DFEE053CFFBE70AAC9F"
"Germany Business Unit","140","Y","FIN_IMPL","2016/06/13 10:26:38.04","FIN_IMPL","2016/06/13 10:26:39.958","3527356960E33DFEE053CFFBE70AAC9F"
"Germany Business Unit","180","Y","FIN_IMPL","2016/06/13 10:26:38.047","FIN_IMPL","2016/06/13 10:26:39.961","3527356960E33DFEE053CFFBE70AAC9F"
"Germany Business Unit","200","Y","FIN_IMPL","2016/06/13 10:26:38.051","FIN_IMPL","2016/06/13 10:26:39.964","3527356960E33DFEE053CFFBE70AAC9F"
"Healthcare US Business Unit","10","Y","FIN_IMPL","2015/10/12 21:26:22.004","FIN_IMPL","2015/10/12 21:26:22.325","21EF00F69D70058CE053790B548C8DB4"
"Healthcare US Business Unit","20","Y","FIN_IMPL","2015/04/15 12:19:16.083","FIN_IMPL","2015/04/15 12:19:17.644","13C042BD3E92666EE0536204548C180F"
"Healthcare US Business Unit","30","Y","FIN_IMPL","2015/09/22 18:28:49.0","FIN_IMPL","2015/09/22 18:28:49.025","2056A8AA4C1F0E57E053790B548C3116"
"Healthcare US Business Unit","40","Y","FIN_IMPL","2015/04/15 12:19:16.0","FIN_IMPL","2015/04/15 12:19:17.635","13C042BD3E92666EE0536204548C180F"
"Healthcare US Business Unit","70","Y","FIN_IMPL","2015/09/28 16:06:26.0","FIN_IMPL","2015/09/28 16:06:26.025","20CFE7B7F0A416F7E053790B548CBF19"
"Healthcare US Business Unit","80","Y","PRC_IMPL","2015/10/13 20:24:33.0","PRC_IMPL","2015/10/13 20:24:33.224","21FE52062BB670F6E053790B548C1805"
"Healthcare US Business Unit","90","Y","PPM_IMPL","2018/03/03 17:44:28.0","PPM_IMPL","2018/03/03 17:44:30.64","668275B321CB9F94E053E9A7FD0AE86B"
"Healthcare US Business Unit","100","Y","PPM_IMPL","2017/04/26 08:21:22.0","PPM_IMPL","2017/04/26 08:21:27.7","4E0E73031FE57702E053C4AEFD0A206F"
"Healthcare US Business Unit","110","Y","PRC_IMPL","2015/10/06 16:39:03.0","PRC_IMPL","2015/10/06 16:39:04.136","216C3EB67ACC118DE053790B548C16F3"
"Healthcare US Business Unit","120","Y","PRC_IMPL","2015/10/06 16:39:03.143","PRC_IMPL","2015/10/06 16:39:04.153","216C3EB67ACC118DE053790B548C16F3"
"Healthcare US Business Unit","130","Y","PRC_IMPL","2015/10/06 16:39:03.142","PRC_IMPL","2015/10/06 16:39:04.152","216C3EB67ACC118DE053790B548C16F3"
"Healthcare US Business Unit","140","Y","FIN_IMPL","2015/10/12 21:26:22.0","FIN_IMPL","2015/10/12 21:26:22.324","21EF00F69D70058CE053790B548C8DB4"
"Healthcare US Business Unit","180","Y","PRC_IMPL","2015/10/06 16:39:03.14","PRC_IMPL","2015/10/06 16:39:04.151","216C3EB67ACC118DE053790B548C16F3"
"Healthcare US Business Unit","210","Y","CURTIS.FEITTY","2024/01/29 17:08:18.972","CURTIS.FEITTY","2024/01/29 17:08:33.306","0FEF15F216B61447E063CE65F00A8F5A"
"India Business Unit","10","Y","FIN_IMPL","2019/06/12 13:13:25.048","FIN_IMPL","2019/06/12 13:13:30.602","8B1B68715EC37AC3E053C390DF0ACFC4"
"India Business Unit","20","Y","FIN_IMPL","2019/06/12 13:13:25.051","FIN_IMPL","2019/06/12 13:13:30.603","8B1B68715EC37AC3E053C390DF0ACFC4"
"India Business Unit","30","Y","FIN_IMPL","2019/06/12 13:13:25.0","FIN_IMPL","2019/06/12 13:13:30.582","8B1B68715EC37AC3E053C390DF0ACFC4"
"India Business Unit","40","Y","FIN_IMPL","2019/06/12 13:13:25.043","FIN_IMPL","2019/06/12 13:13:30.597","8B1B68715EC37AC3E053C390DF0ACFC4"
"India Business Unit","70","Y","FIN_IMPL","2019/06/12 13:13:25.039","FIN_IMPL","2019/06/12 13:13:30.593","8B1B68715EC37AC3E053C390DF0ACFC4"
"India Business Unit","80","Y","FIN_IMPL","2019/06/12 13:13:25.046","FIN_IMPL","2019/06/12 13:13:30.6","8B1B68715EC37AC3E053C390DF0ACFC4"
"India Business Unit","90","Y","FIN_IMPL","2019/06/12 13:13:25.041","FIN_IMPL","2019/06/12 13:13:30.596","8B1B68715EC37AC3E053C390DF0ACFC4"
"India Business Unit","100","Y","FIN_IMPL","2019/06/12 13:13:25.058","FIN_IMPL","2019/06/12 13:13:30.607","8B1B68715EC37AC3E053C390DF0ACFC4"
"India Business Unit","110","Y","FIN_IMPL","2019/06/12 13:13:25.054","FIN_IMPL","2019/06/12 13:13:30.604","8B1B68715EC37AC3E053C390DF0ACFC4"
"India Business Unit","120","Y","FIN_IMPL","2019/06/12 13:13:25.063","FIN_IMPL","2019/06/12 13:13:30.609","8B1B68715EC37AC3E053C390DF0ACFC4"
"India Business Unit","130","Y","FIN_IMPL","2019/06/12 13:13:25.06","FIN_IMPL","2019/06/12 13:13:30.608","8B1B68715EC37AC3E053C390DF0ACFC4"
"India Business Unit","140","Y","FIN_IMPL","2019/06/12 13:13:25.044","FIN_IMPL","2019/06/12 13:13:30.598","8B1B68715EC37AC3E053C390DF0ACFC4"
"India Business Unit","180","Y","FIN_IMPL","2019/06/12 13:13:25.056","FIN_IMPL","2019/06/12 13:13:30.606","8B1B68715EC37AC3E053C390DF0ACFC4"
"Italy Business Unit","10","Y","FIN_IMPL","2015/10/12 20:46:39.098","FIN_IMPL","2015/10/12 20:46:41.759","21EF00F69D70058CE053790B548C8DB4"
"Italy Business Unit","20","Y","FIN_IMPL","2015/09/29 10:14:44.0","FIN_IMPL","2015/09/29 10:14:44.589","20DF2269CE550B0BE053790B548C6275"
"Italy Business Unit","30","Y","FIN_IMPL","2015/09/22 18:16:31.0","FIN_IMPL","2015/09/22 18:16:32.046","2056A8AA4C1F0E57E053790B548C3116"
"Italy Business Unit","40","Y","FIN_IMPL","2015/09/22 18:16:31.055","FIN_IMPL","2015/09/22 18:16:32.051","2056A8AA4C1F0E57E053790B548C3116"
"Italy Business Unit","70","Y","FIN_IMPL","2015/09/28 15:54:05.0","FIN_IMPL","2015/09/28 15:54:05.655","20CFE7B7F0A216F7E053790B548CBF19"
"Italy Business Unit","80","Y","PRC_IMPL","2015/10/12 20:51:05.0","PRC_IMPL","2015/10/12 20:51:05.026","21EF766FB7E07844E053790B548CF019"
"Italy Business Unit","110","Y","PRC_IMPL","2015/10/06 16:40:06.0","PRC_IMPL","2015/10/06 16:40:06.347","216C3EB67ACC118DE053790B548C16F3"
"Italy Business Unit","120","Y","PRC_IMPL","2015/10/06 16:40:06.007","PRC_IMPL","2015/10/06 16:40:06.349","216C3EB67ACC118DE053790B548C16F3"
"Italy Business Unit","130","Y","PRC_IMPL","2015/10/06 16:40:06.005","PRC_IMPL","2015/10/06 16:40:06.349","216C3EB67ACC118DE053790B548C16F3"
"Italy Business Unit","140","Y","FIN_IMPL","2015/10/12 20:46:39.0","FIN_IMPL","2015/10/12 20:46:41.751","21EF00F69D70058CE053790B548C8DB4"
"Italy Business Unit","180","Y","PRC_IMPL","2015/10/06 16:40:06.004","PRC_IMPL","2015/10/06 16:40:06.348","216C3EB67ACC118DE053790B548C16F3"
"Japan Business Unit","10","Y","FIN_IMPL","2015/03/11 16:16:57.033","FIN_IMPL","2015/03/11 16:16:58.465","1101B3DFC37C51F2E0536204548C059D"
"Japan Business Unit","20","Y","FIN_IMPL","2015/03/11 16:16:57.036","FIN_IMPL","2015/03/11 16:16:58.465","1101B3DFC37C51F2E0536204548C059D"
"Japan Business Unit","30","Y","FIN_IMPL","2015/03/11 16:16:57.0","FIN_IMPL","2015/03/11 16:16:58.46","1101B3DFC37C51F2E0536204548C059D"
"Japan Business Unit","40","Y","FIN_IMPL","2015/03/11 16:16:57.03","FIN_IMPL","2015/03/11 16:16:58.463","1101B3DFC37C51F2E0536204548C059D"
"Japan Business Unit","70","Y","FIN_IMPL","2015/04/01 15:05:20.0","FIN_IMPL","2015/04/01 15:05:29.947","12A96B19FF606EBEE0536204548CA065"
"Japan Business Unit","80","Y","PRC_IMPL","2015/03/17 16:00:38.0","PRC_IMPL","2015/03/17 16:00:38.617","117EEED735E67DD2E0536204548C0A01"
"Japan Business Unit","110","Y","FIN_IMPL","2015/03/11 16:16:57.038","FIN_IMPL","2015/03/11 16:16:58.466","1101B3DFC37C51F2E0536204548C059D"
"Japan Business Unit","120","Y","PRC_IMPL","2015/03/17 16:00:50.182","PRC_IMPL","2015/03/17 16:00:50.994","117EEED735E67DD2E0536204548C0A01"
"Japan Business Unit","130","Y","PRC_IMPL","2015/03/17 16:00:38.139","PRC_IMPL","2015/03/17 16:00:38.643","117EEED735E67DD2E0536204548C0A01"
"Japan Business Unit","140","Y","FIN_IMPL","2015/03/11 16:16:57.032","FIN_IMPL","2015/03/11 16:16:58.464","1101B3DFC37C51F2E0536204548C059D"
"Japan Business Unit","180","Y","PRC_IMPL","2015/03/17 16:00:38.137","PRC_IMPL","2015/03/17 16:00:38.641","117EEED735E67DD2E0536204548C0A01"
"Mexico Business Unit","10","Y","FIN_IMPL","2020/04/02 12:34:10.069","FIN_IMPL","2020/04/02 12:34:12.514","A23AEAB8C488E5B3E053B090DF0AC76E"
"Mexico Business Unit","20","Y","FIN_IMPL","2020/04/02 12:34:10.07","FIN_IMPL","2020/04/02 12:34:12.515","A23AEAB8C488E5B3E053B090DF0AC76E"
"Mexico Business Unit","30","Y","FIN_IMPL","2020/04/02 12:34:10.0","FIN_IMPL","2020/04/02 12:34:12.497","A23AEAB8C488E5B3E053B090DF0AC76E"
"Mexico Business Unit","40","Y","FIN_IMPL","2020/04/02 12:34:10.062","FIN_IMPL","2020/04/02 12:34:12.509","A23AEAB8C488E5B3E053B090DF0AC76E"
"Mexico Business Unit","70","Y","FIN_IMPL","2020/04/02 12:34:10.059","FIN_IMPL","2020/04/02 12:34:12.506","A23AEAB8C488E5B3E053B090DF0AC76E"
"Mexico Business Unit","80","Y","FIN_IMPL","2020/04/02 12:34:10.067","FIN_IMPL","2020/04/02 12:34:12.513","A23AEAB8C488E5B3E053B090DF0AC76E"
"Mexico Business Unit","90","Y","FIN_IMPL","2020/04/02 12:34:10.061","FIN_IMPL","2020/04/02 12:34:12.508","A23AEAB8C488E5B3E053B090DF0AC76E"
"Mexico Business Unit","100","Y","FIN_IMPL","2020/04/02 12:34:10.075","FIN_IMPL","2020/04/02 12:34:12.518","A23AEAB8C488E5B3E053B090DF0AC76E"
"Mexico Business Unit","110","Y","FIN_IMPL","2020/04/02 12:34:10.072","FIN_IMPL","2020/04/02 12:34:12.516","A23AEAB8C488E5B3E053B090DF0AC76E"
"Mexico Business Unit","120","Y","FIN_IMPL","2020/04/02 12:34:10.078","FIN_IMPL","2020/04/02 12:34:12.521","A23AEAB8C488E5B3E053B090DF0AC76E"
"Mexico Business Unit","130","Y","FIN_IMPL","2020/04/02 12:34:10.077","FIN_IMPL","2020/04/02 12:34:12.519","A23AEAB8C488E5B3E053B090DF0AC76E"
"Mexico Business Unit","140","Y","FIN_IMPL","2020/04/02 12:34:10.064","FIN_IMPL","2020/04/02 12:34:12.511","A23AEAB8C488E5B3E053B090DF0AC76E"
"Mexico Business Unit","180","Y","FIN_IMPL","2020/04/02 12:34:10.073","FIN_IMPL","2020/04/02 12:34:12.517","A23AEAB8C488E5B3E053B090DF0AC76E"
"Netherlands Business Unit","10","Y","FIN_IMPL","2016/08/24 13:44:51.045","FIN_IMPL","2016/08/24 13:44:55.642","3AD05432E0B87213E0537AA3FD0A503F"
"Netherlands Business Unit","20","Y","FIN_IMPL","2016/08/24 13:44:51.047","FIN_IMPL","2016/08/24 13:44:55.642","3AD05432E0B87213E0537AA3FD0A503F"
"Netherlands Business Unit","30","Y","FIN_IMPL","2016/08/24 13:44:51.0","FIN_IMPL","2016/08/24 13:44:55.633","3AD05432E0B87213E0537AA3FD0A503F"
"Netherlands Business Unit","40","Y","FIN_IMPL","2016/08/24 13:44:51.038","FIN_IMPL","2016/08/24 13:44:55.639","3AD05432E0B87213E0537AA3FD0A503F"
"Netherlands Business Unit","70","Y","FIN_IMPL","2016/08/24 13:44:51.034","FIN_IMPL","2016/08/24 13:44:55.637","3AD05432E0B87213E0537AA3FD0A503F"
"Netherlands Business Unit","80","Y","FIN_IMPL","2016/08/24 13:44:51.043","FIN_IMPL","2016/08/24 13:44:55.641","3AD05432E0B87213E0537AA3FD0A503F"
"Netherlands Business Unit","90","Y","FIN_IMPL","2016/08/24 13:44:51.036","FIN_IMPL","2016/08/24 13:44:55.639","3AD05432E0B87213E0537AA3FD0A503F"
"Netherlands Business Unit","100","Y","FIN_IMPL","2016/08/24 13:44:51.053","FIN_IMPL","2016/08/24 13:44:55.644","3AD05432E0B87213E0537AA3FD0A503F"
"Netherlands Business Unit","110","Y","FIN_IMPL","2016/08/24 13:44:51.049","FIN_IMPL","2016/08/24 13:44:55.643","3AD05432E0B87213E0537AA3FD0A503F"
"Netherlands Business Unit","120","Y","FIN_IMPL","2016/08/24 13:44:51.058","FIN_IMPL","2016/08/24 13:44:55.646","3AD05432E0B87213E0537AA3FD0A503F"
"Netherlands Business Unit","130","Y","FIN_IMPL","2016/08/24 13:44:51.056","FIN_IMPL","2016/08/24 13:44:55.645","3AD05432E0B87213E0537AA3FD0A503F"
"Netherlands Business Unit","140","Y","FIN_IMPL","2016/08/24 13:44:51.04","FIN_IMPL","2016/08/24 13:44:55.64","3AD05432E0B87213E0537AA3FD0A503F"
"Netherlands Business Unit","160","Y","JOHN.DUNBAR","2021/10/20 13:20:22.0","JOHN.DUNBAR","2021/10/20 13:20:25.07","CC4251C13B35609AE0530264FD0A059B"
"Netherlands Business Unit","180","Y","FIN_IMPL","2016/08/24 13:44:51.051","FIN_IMPL","2016/08/24 13:44:55.644","3AD05432E0B87213E0537AA3FD0A503F"
"Poland Business Unit","10","Y","FIN_IMPL","2018/08/22 11:50:37.063","FIN_IMPL","2018/08/22 11:52:19.512","7404355C37157D28E0537990DF0A64F8"
"Poland Business Unit","20","Y","FIN_IMPL","2018/08/22 11:50:37.065","FIN_IMPL","2018/08/22 11:52:19.513","7404355C37157D28E0537990DF0A64F8"
"Poland Business Unit","30","Y","FIN_IMPL","2018/08/22 11:50:37.0","FIN_IMPL","2018/08/22 11:52:19.489","7404355C37157D28E0537990DF0A64F8"
"Poland Business Unit","40","Y","FIN_IMPL","2018/08/22 11:50:37.055","FIN_IMPL","2018/08/22 11:52:19.509","7404355C37157D28E0537990DF0A64F8"
"Poland Business Unit","70","Y","FIN_IMPL","2018/08/22 11:50:37.051","FIN_IMPL","2018/08/22 11:52:19.505","7404355C37157D28E0537990DF0A64F8"
"Poland Business Unit","80","Y","FIN_IMPL","2018/08/22 11:50:37.061","FIN_IMPL","2018/08/22 11:52:19.511","7404355C37157D28E0537990DF0A64F8"
"Poland Business Unit","90","Y","FIN_IMPL","2018/08/22 11:50:37.054","FIN_IMPL","2018/08/22 11:52:19.508","7404355C37157D28E0537990DF0A64F8"
"Poland Business Unit","100","Y","FIN_IMPL","2018/08/22 11:50:37.072","FIN_IMPL","2018/08/22 11:52:19.515","7404355C37157D28E0537990DF0A64F8"
"Poland Business Unit","110","Y","FIN_IMPL","2018/08/22 11:50:37.068","FIN_IMPL","2018/08/22 11:52:19.514","7404355C37157D28E0537990DF0A64F8"
"Poland Business Unit","120","Y","FIN_IMPL","2018/08/22 11:50:37.078","FIN_IMPL","2018/08/22 11:52:19.517","7404355C37157D28E0537990DF0A64F8"
"Poland Business Unit","130","Y","FIN_IMPL","2018/08/22 11:50:37.075","FIN_IMPL","2018/08/22 11:52:19.516","7404355C37157D28E0537990DF0A64F8"
"Poland Business Unit","140","Y","FIN_IMPL","2018/08/22 11:50:37.058","FIN_IMPL","2018/08/22 11:52:19.51","7404355C37157D28E0537990DF0A64F8"
"Poland Business Unit","180","Y","FIN_IMPL","2018/08/22 11:50:37.07","FIN_IMPL","2018/08/22 11:52:19.514","7404355C37157D28E0537990DF0A64F8"
"Progress UK Business Unit","10","Y","FIN_IMPL","2021/04/26 15:06:39.27","FIN_IMPL","2021/04/26 15:06:45.643","BF98F03D0569F628E0532C60FD0A2059"
"Progress UK Business Unit","20","Y","FIN_IMPL","2021/04/26 15:06:39.272","FIN_IMPL","2021/04/26 15:06:45.644","BF98F03D0569F628E0532C60FD0A2059"
"Progress UK Business Unit","30","Y","FIN_IMPL","2021/04/26 15:06:39.0","FIN_IMPL","2021/04/26 15:06:45.625","BF98F03D0569F628E0532C60FD0A2059"
"Progress UK Business Unit","40","Y","FIN_IMPL","2021/04/26 15:06:39.251","FIN_IMPL","2021/04/26 15:06:45.638","BF98F03D0569F628E0532C60FD0A2059"
"Progress UK Business Unit","70","Y","FIN_IMPL","2021/04/26 15:06:39.244","FIN_IMPL","2021/04/26 15:06:45.635","BF98F03D0569F628E0532C60FD0A2059"
"Progress UK Business Unit","80","Y","FIN_IMPL","2021/04/26 15:06:39.265","FIN_IMPL","2021/04/26 15:06:45.642","BF98F03D0569F628E0532C60FD0A2059"
"Progress UK Business Unit","90","Y","FIN_IMPL","2021/04/26 15:06:39.248","FIN_IMPL","2021/04/26 15:06:45.636","BF98F03D0569F628E0532C60FD0A2059"
"Progress UK Business Unit","100","Y","FIN_IMPL","2021/04/26 15:06:39.279","FIN_IMPL","2021/04/26 15:06:45.647","BF98F03D0569F628E0532C60FD0A2059"
"Progress UK Business Unit","110","Y","FIN_IMPL","2021/04/26 15:06:39.275","FIN_IMPL","2021/04/26 15:06:45.645","BF98F03D0569F628E0532C60FD0A2059"
"Progress UK Business Unit","120","Y","FIN_IMPL","2021/04/26 15:06:39.284","FIN_IMPL","2021/04/26 15:06:45.649","BF98F03D0569F628E0532C60FD0A2059"
"Progress UK Business Unit","130","Y","FIN_IMPL","2021/04/26 15:06:39.282","FIN_IMPL","2021/04/26 15:06:45.648","BF98F03D0569F628E0532C60FD0A2059"
"Progress UK Business Unit","140","Y","FIN_IMPL","2021/04/26 15:06:39.255","FIN_IMPL","2021/04/26 15:06:45.639","BF98F03D0569F628E0532C60FD0A2059"
"Progress UK Business Unit","180","Y","FIN_IMPL","2021/04/26 15:06:39.277","FIN_IMPL","2021/04/26 15:06:45.646","BF98F03D0569F628E0532C60FD0A2059"
"Progress UK Business Unit","190","Y","FIN_IMPL","2021/04/26 15:06:39.26","FIN_IMPL","2021/04/26 15:06:45.64","BF98F03D0569F628E0532C60FD0A2059"
"Progress UK Business Unit","200","Y","FIN_IMPL","2021/04/26 15:06:39.288","FIN_IMPL","2021/04/26 15:06:45.65","BF98F03D0569F628E0532C60FD0A2059"
"Progress UK Business Unit","210","Y","FIN_IMPL","2021/04/26 15:06:39.262","FIN_IMPL","2021/04/26 15:06:45.641","BF98F03D0569F628E0532C60FD0A2059"
"Progress US Business Unit","10","Y","FIN_IMPL","2014/06/10 14:24:34.045","FIN_IMPL","2014/06/10 14:24:35.475","FB7AA7E27CED6185E0436204548C9FF5"
"Progress US Business Unit","20","Y","FIN_IMPL","2014/06/10 14:24:34.047","FIN_IMPL","2014/06/10 14:24:35.476","FB7AA7E27CED6185E0436204548C9FF5"
"Progress US Business Unit","30","Y","FIN_IMPL","2014/06/10 14:24:34.0","FIN_IMPL","2014/06/10 14:24:35.468","FB7AA7E27CED6185E0436204548C9FF5"
"Progress US Business Unit","40","Y","FIN_IMPL","2014/06/10 14:24:34.038","FIN_IMPL","2014/06/10 14:24:35.472","FB7AA7E27CED6185E0436204548C9FF5"
"Progress US Business Unit","50","Y","FIN_IMPL","2014/06/10 14:24:34.057","FIN_IMPL","2014/06/10 14:24:35.48","FB7AA7E27CED6185E0436204548C9FF5"
"Progress US Business Unit","70","Y","FIN_IMPL","2014/06/10 14:24:34.034","FIN_IMPL","2014/06/10 14:24:35.47","FB7AA7E27CED6185E0436204548C9FF5"
"Progress US Business Unit","80","Y","FIN_IMPL","2014/06/10 14:24:34.041","FIN_IMPL","2014/06/10 14:24:35.473","FB7AA7E27CED6185E0436204548C9FF5"
"Progress US Business Unit","90","Y","FIN_IMPL","2014/06/10 14:24:34.036","FIN_IMPL","2014/06/10 14:24:35.471","FB7AA7E27CED6185E0436204548C9FF5"
"Progress US Business Unit","100","Y","FIN_IMPL","2014/06/10 14:24:34.052","FIN_IMPL","2014/06/10 14:24:35.478","FB7AA7E27CED6185E0436204548C9FF5"
"Progress US Business Unit","110","Y","FIN_IMPL","2014/06/10 14:24:34.049","FIN_IMPL","2014/06/10 14:24:35.477","FB7AA7E27CED6185E0436204548C9FF5"
"Progress US Business Unit","120","Y","FIN_IMPL","2014/06/10 14:24:34.054","FIN_IMPL","2014/06/10 14:24:35.479","FB7AA7E27CED6185E0436204548C9FF5"
"Progress US Business Unit","130","Y","FIN_IMPL","2014/06/10 14:24:34.053","FIN_IMPL","2014/06/10 14:24:35.479","FB7AA7E27CED6185E0436204548C9FF5"
"Progress US Business Unit","140","Y","FIN_IMPL","2014/06/10 14:24:34.039","FIN_IMPL","2014/06/10 14:24:35.473","FB7AA7E27CED6185E0436204548C9FF5"
"Progress US Business Unit","180","Y","FIN_IMPL","2014/06/10 14:24:34.05","FIN_IMPL","2014/06/10 14:24:35.477","FB7AA7E27CED6185E0436204548C9FF5"
"Progress US Business Unit","200","Y","FIN_IMPL","2014/06/10 14:24:34.056","FIN_IMPL","2014/06/10 14:24:35.48","FB7AA7E27CED6185E0436204548C9FF5"
"Progress US Business Unit","210","Y","FIN_IMPL","2021/10/19 08:39:59.0","FIN_IMPL","2021/10/19 08:40:02.785","CC42AB213E39625FE0530264FD0A182E"
"Saudi Arabia Business Unit","10","Y","FIN_IMPL","2017/11/09 15:59:48.067","FIN_IMPL","2017/11/09 15:59:53.861","5D8F4F3682925385E0538DADFD0A07D1"
"Saudi Arabia Business Unit","20","Y","FIN_IMPL","2017/11/09 15:59:48.069","FIN_IMPL","2017/11/09 15:59:53.861","5D8F4F3682925385E0538DADFD0A07D1"
"Saudi Arabia Business Unit","30","Y","FIN_IMPL","2017/11/09 15:59:48.0","FIN_IMPL","2017/11/09 15:59:53.854","5D8F4F3682925385E0538DADFD0A07D1"
"Saudi Arabia Business Unit","40","Y","FIN_IMPL","2017/11/09 15:59:48.061","FIN_IMPL","2017/11/09 15:59:53.859","5D8F4F3682925385E0538DADFD0A07D1"
"Saudi Arabia Business Unit","70","Y","FIN_IMPL","2017/11/09 15:59:48.055","FIN_IMPL","2017/11/09 15:59:53.857","5D8F4F3682925385E0538DADFD0A07D1"
"Saudi Arabia Business Unit","80","Y","FIN_IMPL","2017/11/09 15:59:48.065","FIN_IMPL","2017/11/09 15:59:53.86","5D8F4F3682925385E0538DADFD0A07D1"
"Saudi Arabia Business Unit","90","Y","FIN_IMPL","2017/11/09 15:59:48.059","FIN_IMPL","2017/11/09 15:59:53.859","5D8F4F3682925385E0538DADFD0A07D1"
"Saudi Arabia Business Unit","100","Y","FIN_IMPL","2017/11/09 15:59:48.077","FIN_IMPL","2017/11/09 15:59:53.864","5D8F4F3682925385E0538DADFD0A07D1"
"Saudi Arabia Business Unit","110","Y","FIN_IMPL","2017/11/09 15:59:48.072","FIN_IMPL","2017/11/09 15:59:53.862","5D8F4F3682925385E0538DADFD0A07D1"
"Saudi Arabia Business Unit","120","Y","FIN_IMPL","2017/11/09 15:59:48.082","FIN_IMPL","2017/11/09 15:59:53.866","5D8F4F3682925385E0538DADFD0A07D1"
"Saudi Arabia Business Unit","130","Y","FIN_IMPL","2017/11/09 15:59:48.079","FIN_IMPL","2017/11/09 15:59:53.865","5D8F4F3682925385E0538DADFD0A07D1"
"Saudi Arabia Business Unit","140","Y","FIN_IMPL","2017/11/09 15:59:48.063","FIN_IMPL","2017/11/09 15:59:53.86","5D8F4F3682925385E0538DADFD0A07D1"
"Saudi Arabia Business Unit","180","Y","FIN_IMPL","2017/11/09 15:59:48.075","FIN_IMPL","2017/11/09 15:59:53.863","5D8F4F3682925385E0538DADFD0A07D1"
"Spain Business Unit","10","Y","FIN_IMPL","2016/08/11 09:27:55.104","FIN_IMPL","2016/08/11 09:28:58.131","39C2D8CA655F627AE0537AA3FD0AF47F"
"Spain Business Unit","20","Y","FIN_IMPL","2016/08/11 09:27:55.105","FIN_IMPL","2016/08/11 09:28:58.132","39C2D8CA655F627AE0537AA3FD0AF47F"
"Spain Business Unit","30","Y","FIN_IMPL","2016/08/11 09:27:55.0","FIN_IMPL","2016/08/11 09:28:58.111","39C2D8CA655F627AE0537AA3FD0AF47F"
"Spain Business Unit","40","Y","FIN_IMPL","2016/08/11 09:27:55.098","FIN_IMPL","2016/08/11 09:28:58.128","39C2D8CA655F627AE0537AA3FD0AF47F"
"Spain Business Unit","70","Y","FIN_IMPL","2016/08/11 09:27:55.094","FIN_IMPL","2016/08/11 09:28:58.124","39C2D8CA655F627AE0537AA3FD0AF47F"
"Spain Business Unit","80","Y","FIN_IMPL","2016/08/11 09:27:55.102","FIN_IMPL","2016/08/11 09:28:58.13","39C2D8CA655F627AE0537AA3FD0AF47F"
"Spain Business Unit","90","Y","FIN_IMPL","2016/08/11 09:27:55.096","FIN_IMPL","2016/08/11 09:28:58.127","39C2D8CA655F627AE0537AA3FD0AF47F"
"Spain Business Unit","100","Y","FIN_IMPL","2016/08/11 09:27:55.11","FIN_IMPL","2016/08/11 09:28:58.135","39C2D8CA655F627AE0537AA3FD0AF47F"
"Spain Business Unit","110","Y","FIN_IMPL","2016/08/11 09:27:55.107","FIN_IMPL","2016/08/11 09:28:58.133","39C2D8CA655F627AE0537AA3FD0AF47F"
"Spain Business Unit","120","Y","FIN_IMPL","2016/08/11 09:27:55.113","FIN_IMPL","2016/08/11 09:28:58.137","39C2D8CA655F627AE0537AA3FD0AF47F"
"Spain Business Unit","130","Y","FIN_IMPL","2016/08/11 09:27:55.112","FIN_IMPL","2016/08/11 09:28:58.136","39C2D8CA655F627AE0537AA3FD0AF47F"
"Spain Business Unit","140","Y","FIN_IMPL","2016/08/11 09:27:55.099","FIN_IMPL","2016/08/11 09:28:58.129","39C2D8CA655F627AE0537AA3FD0AF47F"
"Spain Business Unit","180","Y","FIN_IMPL","2016/08/11 09:27:55.109","FIN_IMPL","2016/08/11 09:28:58.134","39C2D8CA655F627AE0537AA3FD0AF47F"
"Supremo CH Business Unit","10","Y","FIN_IMPL","2019/08/27 08:17:40.107","FIN_IMPL","2019/08/27 08:18:10.951","91150BA833E03B3BE053C390DF0A0265"
"Supremo CH Business Unit","20","Y","FIN_IMPL","2019/08/27 08:17:40.109","FIN_IMPL","2019/08/27 08:18:10.952","91150BA833E03B3BE053C390DF0A0265"
"Supremo CH Business Unit","30","Y","FIN_IMPL","2019/08/27 08:17:40.0","FIN_IMPL","2019/08/27 08:18:10.936","91150BA833E03B3BE053C390DF0A0265"
"Supremo CH Business Unit","40","Y","FIN_IMPL","2019/08/27 08:17:40.099","FIN_IMPL","2019/08/27 08:18:10.948","91150BA833E03B3BE053C390DF0A0265"
"Supremo CH Business Unit","70","Y","FIN_IMPL","2019/08/27 08:17:40.095","FIN_IMPL","2019/08/27 08:18:10.945","91150BA833E03B3BE053C390DF0A0265"
"Supremo CH Business Unit","80","Y","FIN_IMPL","2019/08/27 08:17:40.105","FIN_IMPL","2019/08/27 08:18:10.95","91150BA833E03B3BE053C390DF0A0265"
"Supremo CH Business Unit","90","Y","FIN_IMPL","2019/08/27 08:17:40.097","FIN_IMPL","2019/08/27 08:18:10.947","91150BA833E03B3BE053C390DF0A0265"
"Supremo CH Business Unit","100","Y","FIN_IMPL","2019/08/27 08:17:40.115","FIN_IMPL","2019/08/27 08:18:10.955","91150BA833E03B3BE053C390DF0A0265"
"Supremo CH Business Unit","110","Y","FIN_IMPL","2019/08/27 08:17:40.111","FIN_IMPL","2019/08/27 08:18:10.953","91150BA833E03B3BE053C390DF0A0265"
"Supremo CH Business Unit","120","Y","FIN_IMPL","2019/08/27 08:17:40.119","FIN_IMPL","2019/08/27 08:18:10.957","91150BA833E03B3BE053C390DF0A0265"
"Supremo CH Business Unit","130","Y","FIN_IMPL","2019/08/27 08:17:40.118","FIN_IMPL","2019/08/27 08:18:10.956","91150BA833E03B3BE053C390DF0A0265"
"Supremo CH Business Unit","140","Y","FIN_IMPL","2019/08/27 08:17:40.101","FIN_IMPL","2019/08/27 08:18:10.949","91150BA833E03B3BE053C390DF0A0265"
"Supremo CH Business Unit","180","Y","FIN_IMPL","2019/08/27 08:17:40.113","FIN_IMPL","2019/08/27 08:18:10.954","91150BA833E03B3BE053C390DF0A0265"
"Supremo CH Business Unit","190","Y","FIN_IMPL","2019/08/27 08:17:40.104","FIN_IMPL","2019/08/27 08:18:10.95","91150BA833E03B3BE053C390DF0A0265"
"Supremo US Business Unit","10","Y","FIN_IMPL","2019/01/31 15:20:41.058","FIN_IMPL","2019/01/31 15:20:49.427","80BFEAC893E957B1E053C390DF0A1224"
"Supremo US Business Unit","20","Y","FIN_IMPL","2019/01/31 15:20:41.061","FIN_IMPL","2019/01/31 15:20:49.428","80BFEAC893E957B1E053C390DF0A1224"
"Supremo US Business Unit","30","Y","FIN_IMPL","2019/01/31 15:20:41.0","FIN_IMPL","2019/01/31 15:20:49.409","80BFEAC893E957B1E053C390DF0A1224"
"Supremo US Business Unit","40","Y","FIN_IMPL","2019/01/31 15:20:41.05","FIN_IMPL","2019/01/31 15:20:49.423","80BFEAC893E957B1E053C390DF0A1224"
"Supremo US Business Unit","50","Y","JOHN.DUNBAR","2019/02/13 17:56:15.106","JOHN.DUNBAR","2019/02/13 17:56:18.061","81C9FD6E071DAC79E053C390DF0A7296"
"Supremo US Business Unit","70","Y","FIN_IMPL","2019/01/31 15:20:41.047","FIN_IMPL","2019/01/31 15:20:49.418","80BFEAC893E957B1E053C390DF0A1224"
"Supremo US Business Unit","80","Y","FIN_IMPL","2019/01/31 15:20:41.057","FIN_IMPL","2019/01/31 15:20:49.426","80BFEAC893E957B1E053C390DF0A1224"
"Supremo US Business Unit","90","Y","FIN_IMPL","2019/01/31 15:20:41.049","FIN_IMPL","2019/01/31 15:20:49.422","80BFEAC893E957B1E053C390DF0A1224"
"Supremo US Business Unit","100","Y","FIN_IMPL","2019/01/31 15:20:41.066","FIN_IMPL","2019/01/31 15:20:49.431","80BFEAC893E957B1E053C390DF0A1224"
"Supremo US Business Unit","110","Y","FIN_IMPL","2019/01/31 15:20:41.062","FIN_IMPL","2019/01/31 15:20:49.429","80BFEAC893E957B1E053C390DF0A1224"
"Supremo US Business Unit","120","Y","FIN_IMPL","2019/01/31 15:20:41.069","FIN_IMPL","2019/01/31 15:20:49.432","80BFEAC893E957B1E053C390DF0A1224"
"Supremo US Business Unit","130","Y","FIN_IMPL","2019/01/31 15:20:41.067","FIN_IMPL","2019/01/31 15:20:49.431","80BFEAC893E957B1E053C390DF0A1224"
"Supremo US Business Unit","140","Y","FIN_IMPL","2019/01/31 15:20:41.052","FIN_IMPL","2019/01/31 15:20:49.424","80BFEAC893E957B1E053C390DF0A1224"
"Supremo US Business Unit","160","Y","JOHN.DUNBAR","2019/02/13 17:56:15.105","JOHN.DUNBAR","2019/02/13 17:56:18.059","81C9FD6E071DAC79E053C390DF0A7296"
"Supremo US Business Unit","180","Y","FIN_IMPL","2019/01/31 15:20:41.064","FIN_IMPL","2019/01/31 15:20:49.43","80BFEAC893E957B1E053C390DF0A1224"
"Supremo US Business Unit","190","Y","FIN_IMPL","2019/01/31 15:20:41.055","FIN_IMPL","2019/01/31 15:20:49.425","80BFEAC893E957B1E053C390DF0A1224"
"Supremo US Business Unit","200","Y","JOHN.DUNBAR","2019/02/13 17:56:15.0","JOHN.DUNBAR","2019/02/13 17:56:18.044","81C9FD6E071DAC79E053C390DF0A7296"
"Supremo US Business Unit","210","Y","FIN_IMPL","2021/01/19 17:25:43.0","FIN_IMPL","2021/01/19 17:27:23.819","B94515F32887D780E0539E90DF0AF127"
"Sweden Business Unit","10","Y","FIN_IMPL","2017/01/18 15:08:48.052","FIN_IMPL","2017/01/18 15:08:49.985","4655AFE15FDF647BE0537AA3FD0A57C8"
"Sweden Business Unit","20","Y","FIN_IMPL","2017/01/18 15:08:48.055","FIN_IMPL","2017/01/18 15:08:49.986","4655AFE15FDF647BE0537AA3FD0A57C8"
"Sweden Business Unit","30","Y","FIN_IMPL","2017/01/18 15:08:48.0","FIN_IMPL","2017/01/18 15:08:49.976","4655AFE15FDF647BE0537AA3FD0A57C8"
"Sweden Business Unit","40","Y","FIN_IMPL","2017/01/18 15:08:48.044","FIN_IMPL","2017/01/18 15:08:49.982","4655AFE15FDF647BE0537AA3FD0A57C8"
"Sweden Business Unit","70","Y","FIN_IMPL","2017/01/18 15:08:48.04","FIN_IMPL","2017/01/18 15:08:49.98","4655AFE15FDF647BE0537AA3FD0A57C8"
"Sweden Business Unit","80","Y","FIN_IMPL","2017/01/18 15:08:48.05","FIN_IMPL","2017/01/18 15:08:49.984","4655AFE15FDF647BE0537AA3FD0A57C8"
"Sweden Business Unit","90","Y","FIN_IMPL","2017/01/18 15:08:48.042","FIN_IMPL","2017/01/18 15:08:49.981","4655AFE15FDF647BE0537AA3FD0A57C8"
"Sweden Business Unit","100","Y","FIN_IMPL","2017/01/18 15:08:48.064","FIN_IMPL","2017/01/18 15:08:49.988","4655AFE15FDF647BE0537AA3FD0A57C8"
"Sweden Business Unit","110","Y","FIN_IMPL","2017/01/18 15:08:48.06","FIN_IMPL","2017/01/18 15:08:49.986","4655AFE15FDF647BE0537AA3FD0A57C8"
"Sweden Business Unit","120","Y","FIN_IMPL","2017/01/18 15:08:48.068","FIN_IMPL","2017/01/18 15:08:49.99","4655AFE15FDF647BE0537AA3FD0A57C8"
"Sweden Business Unit","130","Y","FIN_IMPL","2017/01/18 15:08:48.066","FIN_IMPL","2017/01/18 15:08:49.989","4655AFE15FDF647BE0537AA3FD0A57C8"
"Sweden Business Unit","140","Y","FIN_IMPL","2017/01/18 15:08:48.047","FIN_IMPL","2017/01/18 15:08:49.983","4655AFE15FDF647BE0537AA3FD0A57C8"
"Switzerland Business Unit","10","Y","FIN_IMPL","2015/12/12 02:03:59.0","FIN_IMPL","2015/12/12 02:04:03.772","26A7569E80FF4247E053790B548C53D7"
"Switzerland Business Unit","20","Y","FIN_IMPL","2015/12/12 02:03:59.104","FIN_IMPL","2015/12/12 02:04:03.779","26A7569E80FF4247E053790B548C53D7"
"Switzerland Business Unit","30","Y","FIN_IMPL","2015/12/14 09:36:30.0","FIN_IMPL","2015/12/14 09:36:30.437","26D1829F01E1428FE053790B548C3043"
"Switzerland Business Unit","40","Y","FIN_IMPL","2015/12/14 09:36:30.028","FIN_IMPL","2015/12/14 09:36:30.44","26D1829F01E1428FE053790B548C3043"
"Switzerland Business Unit","80","Y","FIN_IMPL","2018/08/31 09:13:16.0","FIN_IMPL","2018/08/31 09:13:20.483","74B72EAA585A3146E0537990DF0A0EB2"
"Switzerland Business Unit","100","Y","FIN_IMPL","2018/08/31 09:13:16.121","FIN_IMPL","2018/08/31 09:13:20.507","74B72EAA585A3146E0537990DF0A0EB2"
"Switzerland Business Unit","110","Y","FIN_IMPL","2015/12/14 09:36:30.033","FIN_IMPL","2015/12/14 09:36:30.442","26D1829F01E1428FE053790B548C3043"
"Switzerland Business Unit","120","Y","PRC_IMPL","2018/08/23 19:34:23.017","PRC_IMPL","2018/08/23 19:34:23.446","741E72D10D721F0EE0537990DF0A1197"
"Switzerland Business Unit","130","Y","PRC_IMPL","2018/08/23 19:34:23.0","PRC_IMPL","2018/08/23 19:34:23.423","741E72D10D721F0EE0537990DF0A1197"
"Switzerland Business Unit","140","Y","FIN_IMPL","2015/12/14 09:36:30.031","FIN_IMPL","2015/12/14 09:36:30.441","26D1829F01E1428FE053790B548C3043"
"Switzerland Business Unit","180","Y","FIN_IMPL","2015/12/14 09:36:30.036","FIN_IMPL","2015/12/14 09:36:30.442","26D1829F01E1428FE053790B548C3043"
"Turkey Business Unit","10","Y","FIN_IMPL","2017/04/25 16:34:34.044","FIN_IMPL","2017/04/25 16:34:46.653","4DF3411C23DE688BE053C4AEFD0AB11E"
"Turkey Business Unit","20","Y","FIN_IMPL","2017/04/25 16:34:34.046","FIN_IMPL","2017/04/25 16:34:46.654","4DF3411C23DE688BE053C4AEFD0AB11E"
"Turkey Business Unit","30","Y","FIN_IMPL","2017/04/25 16:34:34.0","FIN_IMPL","2017/04/25 16:34:46.635","4DF3411C23DE688BE053C4AEFD0AB11E"
"Turkey Business Unit","40","Y","FIN_IMPL","2017/04/25 16:34:34.035","FIN_IMPL","2017/04/25 16:34:46.647","4DF3411C23DE688BE053C4AEFD0AB11E"
"Turkey Business Unit","70","Y","FIN_IMPL","2017/04/25 16:34:34.03","FIN_IMPL","2017/04/25 16:34:46.643","4DF3411C23DE688BE053C4AEFD0AB11E"
"Turkey Business Unit","80","Y","FIN_IMPL","2017/04/25 16:34:34.042","FIN_IMPL","2017/04/25 16:34:46.652","4DF3411C23DE688BE053C4AEFD0AB11E"
"Turkey Business Unit","90","Y","FIN_IMPL","2017/04/25 16:34:34.033","FIN_IMPL","2017/04/25 16:34:46.645","4DF3411C23DE688BE053C4AEFD0AB11E"
"Turkey Business Unit","100","Y","FIN_IMPL","2017/04/25 16:34:34.058","FIN_IMPL","2017/04/25 16:34:46.657","4DF3411C23DE688BE053C4AEFD0AB11E"
"Turkey Business Unit","110","Y","FIN_IMPL","2017/04/25 16:34:34.049","FIN_IMPL","2017/04/25 16:34:46.655","4DF3411C23DE688BE053C4AEFD0AB11E"
"Turkey Business Unit","120","Y","FIN_IMPL","2017/04/25 16:34:34.065","FIN_IMPL","2017/04/25 16:34:46.659","4DF3411C23DE688BE053C4AEFD0AB11E"
"Turkey Business Unit","130","Y","FIN_IMPL","2017/04/25 16:34:34.061","FIN_IMPL","2017/04/25 16:34:46.658","4DF3411C23DE688BE053C4AEFD0AB11E"
"Turkey Business Unit","140","Y","FIN_IMPL","2017/04/25 16:34:34.037","FIN_IMPL","2017/04/25 16:34:46.649","4DF3411C23DE688BE053C4AEFD0AB11E"
"Turkey Business Unit","180","Y","FIN_IMPL","2017/04/25 16:34:34.054","FIN_IMPL","2017/04/25 16:34:46.656","4DF3411C23DE688BE053C4AEFD0AB11E"
"UAE Business Unit","10","Y","FIN_IMPL","2017/08/23 11:40:16.066","FIN_IMPL","2017/08/23 11:40:36.212","576166AF4D72655EE0538DADFD0AAB09"
"UAE Business Unit","20","Y","FIN_IMPL","2017/08/23 11:40:16.068","FIN_IMPL","2017/08/23 11:40:36.213","576166AF4D72655EE0538DADFD0AAB09"
"UAE Business Unit","30","Y","FIN_IMPL","2017/08/23 11:40:16.0","FIN_IMPL","2017/08/23 11:40:36.198","576166AF4D72655EE0538DADFD0AAB09"
"UAE Business Unit","40","Y","FIN_IMPL","2017/08/23 11:40:16.053","FIN_IMPL","2017/08/23 11:40:36.207","576166AF4D72655EE0538DADFD0AAB09"
"UAE Business Unit","70","Y","FIN_IMPL","2017/08/23 11:40:16.047","FIN_IMPL","2017/08/23 11:40:36.203","576166AF4D72655EE0538DADFD0AAB09"
"UAE Business Unit","80","Y","FIN_IMPL","2017/08/23 11:40:16.062","FIN_IMPL","2017/08/23 11:40:36.21","576166AF4D72655EE0538DADFD0AAB09"
"UAE Business Unit","90","Y","FIN_IMPL","2017/08/23 11:40:16.05","FIN_IMPL","2017/08/23 11:40:36.206","576166AF4D72655EE0538DADFD0AAB09"
"UAE Business Unit","100","Y","FIN_IMPL","2017/08/23 11:40:16.079","FIN_IMPL","2017/08/23 11:40:36.216","576166AF4D72655EE0538DADFD0AAB09"
"UAE Business Unit","110","Y","FIN_IMPL","2017/08/23 11:40:16.073","FIN_IMPL","2017/08/23 11:40:36.214","576166AF4D72655EE0538DADFD0AAB09"
"UAE Business Unit","120","Y","FIN_IMPL","2017/08/23 11:40:16.086","FIN_IMPL","2017/08/23 11:40:36.219","576166AF4D72655EE0538DADFD0AAB09"
"UAE Business Unit","130","Y","FIN_IMPL","2017/08/23 11:40:16.083","FIN_IMPL","2017/08/23 11:40:36.217","576166AF4D72655EE0538DADFD0AAB09"
"UAE Business Unit","140","Y","FIN_IMPL","2017/08/23 11:40:16.056","FIN_IMPL","2017/08/23 11:40:36.208","576166AF4D72655EE0538DADFD0AAB09"
"UAE Business Unit","180","Y","FIN_IMPL","2017/08/23 11:40:16.076","FIN_IMPL","2017/08/23 11:40:36.215","576166AF4D72655EE0538DADFD0AAB09"
"UK Business Unit","10","Y","FIN_IMPL","2013/11/13 21:23:06.055","FIN_IMPL","2013/11/13 21:23:06.112","EB0F50CCAA0240E5E0436204548CFB1D"
"UK Business Unit","20","Y","FUSION","2014/07/16 16:13:15.403984","FUSION","2014/07/16 16:13:15.403984","0"
"UK Business Unit","30","Y","FIN_IMPL","2013/11/13 21:23:06.0","FIN_IMPL","2013/11/13 21:23:06.103","EB0F50CCAA0240E5E0436204548CFB1D"
"UK Business Unit","40","Y","FIN_IMPL","2013/11/13 21:23:06.045","FIN_IMPL","2013/11/13 21:23:06.109","EB0F50CCAA0240E5E0436204548CFB1D"
"UK Business Unit","50","Y","FIN_IMPL","2013/11/13 21:23:06.064","FIN_IMPL","2013/11/13 21:23:06.115","EB0F50CCAA0240E5E0436204548CFB1D"
"UK Business Unit","70","Y","FIN_IMPL","2013/11/13 21:23:06.04","FIN_IMPL","2013/11/13 21:23:06.107","EB0F50CCAA0240E5E0436204548CFB1D"
"UK Business Unit","80","Y","FIN_IMPL","2013/11/13 21:23:06.051","FIN_IMPL","2013/11/13 21:23:06.111","EB0F50CCAA0240E5E0436204548CFB1D"
"UK Business Unit","90","Y","FIN_IMPL","2013/11/13 21:23:06.042","FIN_IMPL","2013/11/13 21:23:06.108","EB0F50CCAA0240E5E0436204548CFB1D"
"UK Business Unit","100","Y","FIN_IMPL","2013/11/13 21:23:06.06","FIN_IMPL","2013/11/13 21:23:06.113","EB0F50CCAA0240E5E0436204548CFB1D"
"UK Business Unit","110","Y","FIN_IMPL","2013/11/13 21:23:06.056","FIN_IMPL","2013/11/13 21:23:06.112","EB0F50CCAA0240E5E0436204548CFB1D"
"UK Business Unit","120","Y","FIN_IMPL","2013/11/13 21:23:06.062","FIN_IMPL","2013/11/13 21:23:06.114","EB0F50CCAA0240E5E0436204548CFB1D"
"UK Business Unit","130","Y","FIN_IMPL","2013/11/13 21:23:06.061","FIN_IMPL","2013/11/13 21:23:06.114","EB0F50CCAA0240E5E0436204548CFB1D"
"UK Business Unit","140","Y","FIN_IMPL","2013/11/13 21:23:06.046","FIN_IMPL","2013/11/13 21:23:06.109","EB0F50CCAA0240E5E0436204548CFB1D"
"UK Business Unit","160","Y","FIN_IMPL","2013/11/13 21:23:06.063","FIN_IMPL","2013/11/13 21:23:06.114","EB0F50CCAA0240E5E0436204548CFB1D"
"UK Business Unit","180","Y","FIN_IMPL","2013/11/13 21:23:06.058","FIN_IMPL","2013/11/13 21:23:06.113","EB0F50CCAA0240E5E0436204548CFB1D"
"US INS Business Unit","10","Y","FIN_IMPL","2016/12/06 17:09:21.032","FIN_IMPL","2016/12/06 17:09:22.129","42FCAD6D1BB2230AE0537AA3FD0AB5C5"
"US INS Business Unit","20","Y","FIN_IMPL","2016/12/06 17:09:21.034","FIN_IMPL","2016/12/06 17:09:22.13","42FCAD6D1BB2230AE0537AA3FD0AB5C5"
"US INS Business Unit","80","Y","FIN_IMPL","2016/12/06 17:09:21.029","FIN_IMPL","2016/12/06 17:09:22.127","42FCAD6D1BB2230AE0537AA3FD0AB5C5"
"US INS Business Unit","110","Y","FIN_IMPL","2016/12/06 17:09:21.036","FIN_IMPL","2016/12/06 17:09:22.13","42FCAD6D1BB2230AE0537AA3FD0AB5C5"
"US INS Business Unit","120","Y","FIN_IMPL","2016/12/06 17:09:21.042","FIN_IMPL","2016/12/06 17:09:22.132","42FCAD6D1BB2230AE0537AA3FD0AB5C5"
"US INS Business Unit","130","Y","FIN_IMPL","2016/12/06 17:09:21.039","FIN_IMPL","2016/12/06 17:09:22.131","42FCAD6D1BB2230AE0537AA3FD0AB5C5"
"US INS Business Unit","140","Y","FIN_IMPL","2016/12/06 17:09:21.0","FIN_IMPL","2016/12/06 17:09:22.122","42FCAD6D1BB2230AE0537AA3FD0AB5C5"
"US1 Business Unit","10","Y","FIN_IMPL","2013/10/25 13:45:01.255","FIN_IMPL","2013/10/25 13:45:01.284","E991D7EE9EF54D86E0436204548C6CD7"
"US1 Business Unit","20","Y","FUSION","2014/07/16 16:13:15.372817","FUSION","2014/07/16 16:13:15.372817","0"
"US1 Business Unit","30","Y","FIN_IMPL","2013/10/25 13:45:01.208","FIN_IMPL","2013/10/25 13:45:01.271","E991D7EE9EF54D86E0436204548C6CD7"
"US1 Business Unit","40","Y","FIN_IMPL","2013/10/25 13:45:01.244","FIN_IMPL","2013/10/25 13:45:01.282","E991D7EE9EF54D86E0436204548C6CD7"
"US1 Business Unit","50","Y","FIN_IMPL","2013/10/25 13:45:01.267","FIN_IMPL","2013/10/25 13:45:01.286","E991D7EE9EF54D86E0436204548C6CD7"
"US1 Business Unit","70","Y","FIN_IMPL","2013/10/25 13:45:01.24","FIN_IMPL","2013/10/25 13:45:01.281","E991D7EE9EF54D86E0436204548C6CD7"
"US1 Business Unit","80","Y","FIN_IMPL","2013/10/25 13:45:01.247","FIN_IMPL","2013/10/25 13:45:01.283","E991D7EE9EF54D86E0436204548C6CD7"
"US1 Business Unit","90","Y","FIN_IMPL","2013/10/25 13:45:01.242","FIN_IMPL","2013/10/25 13:45:01.281","E991D7EE9EF54D86E0436204548C6CD7"
"US1 Business Unit","100","Y","FIN_IMPL","2013/10/25 13:45:01.262","FIN_IMPL","2013/10/25 13:45:01.285","E991D7EE9EF54D86E0436204548C6CD7"
"US1 Business Unit","110","Y","FIN_IMPL","2013/10/25 13:45:01.259","FIN_IMPL","2013/10/25 13:45:01.284","E991D7EE9EF54D86E0436204548C6CD7"
"US1 Business Unit","120","Y","FIN_IMPL","2013/10/25 13:45:01.265","FIN_IMPL","2013/10/25 13:45:01.286","E991D7EE9EF54D86E0436204548C6CD7"
"US1 Business Unit","130","Y","FIN_IMPL","2013/10/25 13:45:01.264","FIN_IMPL","2013/10/25 13:45:01.285","E991D7EE9EF54D86E0436204548C6CD7"
"US1 Business Unit","140","Y","FIN_IMPL","2013/10/25 13:45:01.245","FIN_IMPL","2013/10/25 13:45:01.282","E991D7EE9EF54D86E0436204548C6CD7"
"US1 Business Unit","180","Y","FIN_IMPL","2013/10/25 13:45:01.261","FIN_IMPL","2013/10/25 13:45:01.285","E991D7EE9EF54D86E0436204548C6CD7"
"US1 Business Unit","190","Y","CRM_IMPL","2014/01/14 02:26:52.0","CRM_IMPL","2014/01/14 02:26:52.221","EFE10884B08F4DA2E0436204548C4D40"
"US1 Business Unit","200","Y","FIN_IMPL","2014/01/22 23:40:36.0","FIN_IMPL","2014/01/22 23:40:36.263","F0961BD1828C25FBE0436204548C32BA"
"US1 Business Unit","210","Y","FIN_IMPL","2020/11/23 11:21:54.0","FIN_IMPL","2020/11/23 11:21:57.175","B4C488B04A0908CEE0539E90DF0A0932"
"US2 Business Unit","30","Y","FIN_IMPL","2018/05/30 14:16:58.0","FIN_IMPL","2018/05/30 14:16:58.712","6D6DF0359DB05BE6E0537990DF0A997A"
"University US Business Unit","10","Y","FIN_IMPL","2014/11/10 14:01:18.048","FIN_IMPL","2014/11/10 14:01:19.297","078073FA99665F37E0536204548C8374"
"University US Business Unit","20","Y","FIN_IMPL","2014/11/10 14:01:18.05","FIN_IMPL","2014/11/10 14:01:19.298","078073FA99665F37E0536204548C8374"
"University US Business Unit","30","Y","FIN_IMPL","2014/11/10 14:01:18.0","FIN_IMPL","2014/11/10 14:01:19.27","078073FA99665F37E0536204548C8374"
"University US Business Unit","40","Y","FIN_IMPL","2014/11/10 14:01:18.044","FIN_IMPL","2014/11/10 14:01:19.295","078073FA99665F37E0536204548C8374"
"University US Business Unit","50","Y","CURTIS.FEITTY","2024/01/29 17:08:23.79","CURTIS.FEITTY","2024/01/29 17:08:33.628","0FEF15F216B61447E063CE65F00A8F5A"
"University US Business Unit","70","Y","FIN_IMPL","2014/11/10 14:01:18.04","FIN_IMPL","2014/11/10 14:01:19.292","078073FA99665F37E0536204548C8374"
"University US Business Unit","80","Y","FIN_IMPL","2014/11/13 18:31:39.0","FIN_IMPL","2014/11/13 18:31:39.089","07C1B6040F534B9CE0536204548C2CE4"
"University US Business Unit","90","Y","FIN_IMPL","2014/11/10 14:01:18.042","FIN_IMPL","2014/11/10 14:01:19.293","078073FA99665F37E0536204548C8374"
"University US Business Unit","100","Y","PPM_IMPL","2015/03/25 18:12:21.0","PPM_IMPL","2015/03/25 18:12:21.354","121AD0BD9ECF674DE0536204548C6485"
"University US Business Unit","110","Y","FIN_IMPL","2014/11/10 14:01:18.052","FIN_IMPL","2014/11/10 14:01:19.298","078073FA99665F37E0536204548C8374"
"University US Business Unit","120","Y","PRC_IMPL","2014/11/13 16:14:32.195","PRC_IMPL","2014/11/13 16:14:33.648","07C0BDD78C156F44E0536204548CD890"
"University US Business Unit","130","Y","PRC_IMPL","2014/11/13 16:14:32.194","PRC_IMPL","2014/11/13 16:14:33.643","07C0BDD78C156F44E0536204548CD890"
"University US Business Unit","140","Y","FIN_IMPL","2014/11/10 14:01:18.046","FIN_IMPL","2014/11/10 14:01:19.297","078073FA99665F37E0536204548C8374"
"University US Business Unit","160","Y","CURTIS.FEITTY","2024/01/29 17:08:23.792","CURTIS.FEITTY","2024/01/29 17:08:33.629","0FEF15F216B61447E063CE65F00A8F5A"
"University US Business Unit","180","Y","PRC_IMPL","2014/11/13 16:14:32.0","PRC_IMPL","2014/11/13 16:14:33.6","07C0BDD78C156F44E0536204548CD890"
"University US Business Unit","190","Y","CURTIS.FEITTY","2024/01/29 17:08:23.792","CURTIS.FEITTY","2024/01/29 17:08:33.63","0FEF15F216B61447E063CE65F00A8F5A"
"University US Business Unit","200","Y","CURTIS.FEITTY","2024/01/29 17:08:23.793","CURTIS.FEITTY","2024/01/29 17:08:33.631","0FEF15F216B61447E063CE65F00A8F5A"
"University US Business Unit","210","Y","CURTIS.FEITTY","2024/01/29 17:08:23.793","CURTIS.FEITTY","2024/01/29 17:08:33.631","0FEF15F216B61447E063CE65F00A8F5A"
"Vision E and C Business Unit","160","Y","JOHN.DUNBAR","2016/04/15 19:42:34.0","JOHN.DUNBAR","2016/04/15 19:42:34.097","308BA36E6B50705DE053790B548C4935"
"Vision Retail Business Unit","160","Y","JOHN.DUNBAR","2015/08/13 21:26:18.0","JOHN.DUNBAR","2015/08/13 21:26:18.21","1D375621B6BC3EF0E0536204548C1B3B"
"zzzzProgress UK BU","10","Y","FIN_IMPL","2021/01/11 12:11:23.326","FIN_IMPL","2021/01/11 12:11:32.352","B89A195782F6F944E0539E90DF0A5AEE"
"zzzzProgress UK BU","20","Y","FIN_IMPL","2021/01/11 12:11:23.475","FIN_IMPL","2021/01/11 12:11:32.405","B89A195782F6F944E0539E90DF0A5AEE"
"zzzzProgress UK BU","30","Y","FIN_IMPL","2021/01/11 12:11:23.438","FIN_IMPL","2021/01/11 12:11:32.375","B89A195782F6F944E0539E90DF0A5AEE"
"zzzzProgress UK BU","40","Y","FIN_IMPL","2021/01/11 12:11:23.441","FIN_IMPL","2021/01/11 12:11:32.378","B89A195782F6F944E0539E90DF0A5AEE"
"zzzzProgress UK BU","50","Y","FIN_IMPL","2021/01/11 12:11:23.443","FIN_IMPL","2021/01/11 12:11:32.38","B89A195782F6F944E0539E90DF0A5AEE"
"zzzzProgress UK BU","70","Y","FIN_IMPL","2021/01/11 12:11:23.446","FIN_IMPL","2021/01/11 12:11:32.382","B89A195782F6F944E0539E90DF0A5AEE"
"zzzzProgress UK BU","80","Y","FIN_IMPL","2021/01/11 12:11:23.449","FIN_IMPL","2021/01/11 12:11:32.384","B89A195782F6F944E0539E90DF0A5AEE"
"zzzzProgress UK BU","90","Y","FIN_IMPL","2021/01/11 12:11:23.451","FIN_IMPL","2021/01/11 12:11:32.386","B89A195782F6F944E0539E90DF0A5AEE"
"zzzzProgress UK BU","100","Y","FIN_IMPL","2021/01/11 12:11:23.454","FIN_IMPL","2021/01/11 12:11:32.388","B89A195782F6F944E0539E90DF0A5AEE"
"zzzzProgress UK BU","110","Y","FIN_IMPL","2021/01/11 12:11:23.456","FIN_IMPL","2021/01/11 12:11:32.39","B89A195782F6F944E0539E90DF0A5AEE"
"zzzzProgress UK BU","120","Y","FIN_IMPL","2021/01/11 12:11:23.459","FIN_IMPL","2021/01/11 12:11:32.392","B89A195782F6F944E0539E90DF0A5AEE"
"zzzzProgress UK BU","130","Y","FIN_IMPL","2021/01/11 12:11:23.461","FIN_IMPL","2021/01/11 12:11:32.394","B89A195782F6F944E0539E90DF0A5AEE"
"zzzzProgress UK BU","140","Y","FIN_IMPL","2021/01/11 12:11:23.464","FIN_IMPL","2021/01/11 12:11:32.396","B89A195782F6F944E0539E90DF0A5AEE"
"zzzzProgress UK BU","160","Y","FIN_IMPL","2021/01/11 12:11:23.466","FIN_IMPL","2021/01/11 12:11:32.398","B89A195782F6F944E0539E90DF0A5AEE"
"zzzzProgress UK BU","180","Y","FIN_IMPL","2021/01/11 12:11:23.469","FIN_IMPL","2021/01/11 12:11:32.401","B89A195782F6F944E0539E90DF0A5AEE"
"zzzzProgress UK BU","190","Y","FIN_IMPL","2021/01/11 12:11:23.471","FIN_IMPL","2021/01/11 12:11:32.403","B89A195782F6F944E0539E90DF0A5AEE"
"zzzzProgress UK BU","200","Y","FIN_IMPL","2021/01/11 12:11:23.479","FIN_IMPL","2021/01/11 12:11:32.407","B89A195782F6F944E0539E90DF0A5AEE"
"zzzzProgress UK BU","210","Y","FIN_IMPL","2021/01/11 12:11:23.481","FIN_IMPL","2021/01/11 12:11:32.409","B89A195782F6F944E0539E90DF0A5AEE"
