"SetCode","OrganizationCode","ReferenceGroupName","Name","CreatedBy","CreationDate","DeterminantType","LastUpdateDate","LastUpdateLogin","LastUpdatedBy","SysEffectiveDate","ClassificationCode","EffectiveStartDate","EffectiveEndDate"
"US1BUSET","E988DA0F6B302192E0436204548CB702 300000046987012 2013-10-25 13.20.39.492","MOO_SALES_METHODS","US1 Business Unit","FIN_IMPL","2013/10/25 13:30:39.629","BU","2013/10/25 13:30:41.541","E9917C7BA5A21944E0436204548C6BC7","FIN_IMPL","2024/02/02","FUN_BUSINESS_UNIT","0001/01/01","4712/12/31"
"US1BUSET","E988DA0F6B302192E0436204548CB702 300000046987012 2013-10-25 13.20.39.492","HZ_SALES_PERSON","US1 Business Unit","FIN_IMPL","2013/10/25 13:30:39.629","BU","2013/10/25 13:30:41.541","E9917C7BA5A21944E0436204548C6BC7","FIN_IMPL","2024/02/02","FUN_BUSINESS_UNIT","0001/01/01","4712/12/31"
"US1BUSET","E988DA0F6B302192E0436204548CB702 300000046987012 2013-10-25 13.20.39.492","ZX_TAX_CLASSIFICATION_CODES","US1 Business Unit","FIN_IMPL","2013/10/25 13:30:39.629","BU","2013/10/25 13:30:41.541","E9917C7BA5A21944E0436204548C6BC7","FIN_IMPL","2024/02/02","FUN_BUSINESS_UNIT","0001/01/01","4712/12/31"
"US1BUSET","E988DA0F6B302192E0436204548CB702 300000046987012 2013-10-25 13.20.39.492","CJM_ADJUSTMENT_TYPES","US1 Business Unit","JOHN.DUNBAR","2019/09/11 16:20:37.0","BU","2019/09/11 16:20:50.848","924A43F9DCEC2E9CE053C390DF0A6D47","JOHN.DUNBAR","2024/02/02","FUN_BUSINESS_UNIT","0001/01/01","4712/12/31"
"US1BUSET","E988DA0F6B302192E0436204548CB702 300000046987012 2013-10-25 13.20.39.492","CJM_CLAIM_CLASS_SOURCE_MAP","US1 Business Unit","JOHN.DUNBAR","2019/09/11 16:20:37.0","BU","2019/09/11 16:20:50.877","924A43F9DCEC2E9CE053C390DF0A6D47","JOHN.DUNBAR","2024/02/02","FUN_BUSINESS_UNIT","0001/01/01","4712/12/31"
"US1BUSET","E988DA0F6B302192E0436204548CB702 300000046987012 2013-10-25 13.20.39.492","CJM_CLAIM_TYPES","US1 Business Unit","JOHN.DUNBAR","2019/09/11 16:20:37.0","BU","2019/09/11 16:20:50.878","924A43F9DCEC2E9CE053C390DF0A6D47","JOHN.DUNBAR","2024/02/02","FUN_BUSINESS_UNIT","0001/01/01","4712/12/31"
"US1BUSET","E988DA0F6B302192E0436204548CB702 300000046987012 2013-10-25 13.20.39.492","HED_ADJ_CAL_SETID","US1 Business Unit","JOHN.DUNBAR","2019/09/11 16:20:37.0","BU","2019/09/11 16:20:50.879","924A43F9DCEC2E9CE053C390DF0A6D47","JOHN.DUNBAR","2024/02/02","FUN_BUSINESS_UNIT","0001/01/01","4712/12/31"
"US1BUSET","E988DA0F6B302192E0436204548CB702 300000046987012 2013-10-25 13.20.39.492","HED_DUE_DATE_CAL_SETID","US1 Business Unit","JOHN.DUNBAR","2019/09/11 16:20:37.0","BU","2019/09/11 16:20:50.88","924A43F9DCEC2E9CE053C390DF0A6D47","JOHN.DUNBAR","2024/02/02","FUN_BUSINESS_UNIT","0001/01/01","4712/12/31"
"US1BUSET","E988DA0F6B302192E0436204548CB702 300000046987012 2013-10-25 13.20.39.492","SVC_SR_SEVERITIES","US1 Business Unit","JOHN.DUNBAR","2019/09/11 16:20:37.0","BU","2019/09/11 16:20:50.881","924A43F9DCEC2E9CE053C390DF0A6D47","JOHN.DUNBAR","2024/02/02","FUN_BUSINESS_UNIT","0001/01/01","4712/12/31"
"US1BUSET","E988DA0F6B302192E0436204548CB702 300000046987012 2013-10-25 13.20.39.492","MKL_DEAL_TYPE_SETID","US1 Business Unit","FAAdmin","2016/04/21 11:06:51.0","BU","2016/04/21 11:07:09.898","30F91814A77B5D71E053790B548CA722","FAAdmin","2024/02/02","FUN_BUSINESS_UNIT","0001/01/01","4712/12/31"
"US1BUSET","E988DA0F6B302192E0436204548CB702 300000046987012 2013-10-25 13.20.39.492","MOO_SETID_DECISION_LEVEL","US1 Business Unit","FAAdmin","2016/04/21 11:06:51.0","BU","2016/04/21 11:07:09.941","30F91814A77B5D71E053790B548CA722","FAAdmin","2024/02/02","FUN_BUSINESS_UNIT","0001/01/01","4712/12/31"
"US1BUSET","E988DA0F6B302192E0436204548CB702 300000046987012 2013-10-25 13.20.39.492","MOO_SETID_DEAL_HORIZION","US1 Business Unit","FAAdmin","2016/04/21 11:06:51.0","BU","2016/04/21 11:07:09.942","30F91814A77B5D71E053790B548CA722","FAAdmin","2024/02/02","FUN_BUSINESS_UNIT","0001/01/01","4712/12/31"
"US1BUSET","E988DA0F6B302192E0436204548CB702 300000046987012 2013-10-25 13.20.39.492","CML_SETUPS","US1 Business Unit","FAAdmin","2016/04/21 11:06:51.0","BU","2016/04/21 11:07:09.942","30F91814A77B5D71E053790B548CA722","FAAdmin","2024/02/02","FUN_BUSINESS_UNIT","0001/01/01","4712/12/31"
"US1BUSET","E988DA0F6B302192E0436204548CB702 300000046987012 2013-10-25 13.20.39.492","MKL_LEAD_BUDGET_STATUS_SETID","US1 Business Unit","FAAdmin","2016/04/21 11:06:51.0","BU","2016/04/21 11:07:09.943","30F91814A77B5D71E053790B548CA722","FAAdmin","2024/02/02","FUN_BUSINESS_UNIT","0001/01/01","4712/12/31"
"US1BUSET","E988DA0F6B302192E0436204548CB702 300000046987012 2013-10-25 13.20.39.492","MKL_LEAD_CHANNEL_SETID","US1 Business Unit","FAAdmin","2016/04/21 11:06:51.0","BU","2016/04/21 11:07:09.944","30F91814A77B5D71E053790B548CA722","FAAdmin","2024/02/02","FUN_BUSINESS_UNIT","0001/01/01","4712/12/31"
"US1BUSET","E988DA0F6B302192E0436204548CB702 300000046987012 2013-10-25 13.20.39.492","MKL_LEAD_RANK_SETID","US1 Business Unit","FAAdmin","2016/04/21 11:06:51.0","BU","2016/04/21 11:07:09.945","30F91814A77B5D71E053790B548CA722","FAAdmin","2024/02/02","FUN_BUSINESS_UNIT","0001/01/01","4712/12/31"
"US1BUSET","E988DA0F6B302192E0436204548CB702 300000046987012 2013-10-25 13.20.39.492","MKL_LEAD_REASSIGN_REASON_SETID","US1 Business Unit","FAAdmin","2016/04/21 11:06:51.0","BU","2016/04/21 11:07:09.945","30F91814A77B5D71E053790B548CA722","FAAdmin","2024/02/02","FUN_BUSINESS_UNIT","0001/01/01","4712/12/31"
"US1BUSET","E988DA0F6B302192E0436204548CB702 300000046987012 2013-10-25 13.20.39.492","MKL_REJECT_REASON_SETID","US1 Business Unit","FAAdmin","2016/04/21 11:06:51.0","BU","2016/04/21 11:07:09.946","30F91814A77B5D71E053790B548CA722","FAAdmin","2024/02/02","FUN_BUSINESS_UNIT","0001/01/01","4712/12/31"
"US1BUSET","E988DA0F6B302192E0436204548CB702 300000046987012 2013-10-25 13.20.39.492","MKL_RETIRE_REASON_CD_SETID","US1 Business Unit","FAAdmin","2016/04/21 11:06:51.0","BU","2016/04/21 11:07:09.947","30F91814A77B5D71E053790B548CA722","FAAdmin","2024/02/02","FUN_BUSINESS_UNIT","0001/01/01","4712/12/31"
"US1BUSET","E988DA0F6B302192E0436204548CB702 300000046987012 2013-10-25 13.20.39.492","MKL_LEAD_TIMELINE_SETID","US1 Business Unit","FAAdmin","2016/04/21 11:06:51.0","BU","2016/04/21 11:07:09.948","30F91814A77B5D71E053790B548CA722","FAAdmin","2024/02/02","FUN_BUSINESS_UNIT","0001/01/01","4712/12/31"
"US1BUSET","E988DA0F6B302192E0436204548CB702 300000046987012 2013-10-25 13.20.39.492","MOO_SETID_RISK_LEVEL","US1 Business Unit","FAAdmin","2016/04/21 11:06:51.0","BU","2016/04/21 11:07:09.948","30F91814A77B5D71E053790B548CA722","FAAdmin","2024/02/02","FUN_BUSINESS_UNIT","0001/01/01","4712/12/31"
"US1BUSET","E988DA0F6B302192E0436204548CB702 300000046987012 2013-10-25 13.20.39.492","MOO_SETID_ASSESS_OVRRIDE_RSN","US1 Business Unit","FAAdmin","2016/04/21 11:06:51.0","BU","2016/04/21 11:07:09.949","30F91814A77B5D71E053790B548CA722","FAAdmin","2024/02/02","FUN_BUSINESS_UNIT","0001/01/01","4712/12/31"
"US1BUSET","E988DA0F6B302192E0436204548CB702 300000046987012 2013-10-25 13.20.39.492","QP_PRICING_RULES","US1 Business Unit","FAAdmin","2016/04/21 11:06:51.0","BU","2016/04/21 11:07:09.95","30F91814A77B5D71E053790B548CA722","FAAdmin","2024/02/02","FUN_BUSINESS_UNIT","0001/01/01","4712/12/31"
"US1BUSET","E988DA0F6B302192E0436204548CB702 300000046987012 2013-10-25 13.20.39.492","MOO_SETID_REVN_CATEGORY","US1 Business Unit","FAAdmin","2016/04/21 11:06:51.0","BU","2016/04/21 11:07:09.95","30F91814A77B5D71E053790B548CA722","FAAdmin","2024/02/02","FUN_BUSINESS_UNIT","0001/01/01","4712/12/31"
"US1BUSET","E988DA0F6B302192E0436204548CB702 300000046987012 2013-10-25 13.20.39.492","MOO_SETID_REVENUE_TYPE","US1 Business Unit","FAAdmin","2016/04/21 11:06:51.0","BU","2016/04/21 11:07:09.951","30F91814A77B5D71E053790B548CA722","FAAdmin","2024/02/02","FUN_BUSINESS_UNIT","0001/01/01","4712/12/31"
"US1BUSET","E988DA0F6B302192E0436204548CB702 300000046987012 2013-10-25 13.20.39.492","MOO_STAGE_PHASE_CD","US1 Business Unit","FAAdmin","2016/04/21 11:06:51.0","BU","2016/04/21 11:07:09.952","30F91814A77B5D71E053790B548CA722","FAAdmin","2024/02/02","FUN_BUSINESS_UNIT","0001/01/01","4712/12/31"
"US1BUSET","E988DA0F6B302192E0436204548CB702 300000046987012 2013-10-25 13.20.39.492","MOO_SETID_STRATEGIC_VALUE","US1 Business Unit","FAAdmin","2016/04/21 11:06:51.0","BU","2016/04/21 11:07:09.952","30F91814A77B5D71E053790B548CA722","FAAdmin","2024/02/02","FUN_BUSINESS_UNIT","0001/01/01","4712/12/31"
"US1BUSET","E988DA0F6B302192E0436204548CB702 300000046987012 2013-10-25 13.20.39.492","MOO_SETID_WIN_LOSS_REASON","US1 Business Unit","FAAdmin","2016/04/21 11:06:51.0","BU","2016/04/21 11:07:09.953","30F91814A77B5D71E053790B548CA722","FAAdmin","2024/02/02","FUN_BUSINESS_UNIT","0001/01/01","4712/12/31"
"US1BUSET","E988DA0F6B302192E0436204548CB702 300000046987012 2013-10-25 13.20.39.492","VRM_REVENUE_POLICIES","US1 Business Unit","SCM_IMPL","2014/05/06 13:58:50.0","BU","2014/05/06 13:59:23.905","F8BA5A8DA9BD408BE0436204548C082F","SCM_IMPL","2024/02/02","FUN_BUSINESS_UNIT","0001/01/01","4712/12/31"
"US1BUSET","E988DA0F6B302192E0436204548CB702 300000046987012 2013-10-25 13.20.39.492","VRM_REVENUE_RULES","US1 Business Unit","SCM_IMPL","2014/05/06 13:58:50.0","BU","2014/05/06 13:59:23.959","F8BA5A8DA9BD408BE0436204548C082F","SCM_IMPL","2024/02/02","FUN_BUSINESS_UNIT","0001/01/01","4712/12/31"
"US1BUSET","E988DA0F6B302192E0436204548CB702 300000046987012 2013-10-25 13.20.39.492","ZBS_STATUS_LOOKUP_VALUES","US1 Business Unit","SCM_IMPL","2014/05/06 13:58:50.0","BU","2014/05/06 13:59:23.96","F8BA5A8DA9BD408BE0436204548C082F","SCM_IMPL","2024/02/02","FUN_BUSINESS_UNIT","0001/01/01","4712/12/31"
"US1BUSET","E988DA0F6B302192E0436204548CB702 300000046987012 2013-10-25 13.20.39.492","OKC_APPLY_HOLD_REASONS","US1 Business Unit","FIN_IMPL","2013/10/25 13:30:39.629","BU","2013/10/25 13:30:41.513","E9917C7BA5A21944E0436204548C6BC7","FIN_IMPL","2024/02/02","FUN_BUSINESS_UNIT","0001/01/01","4712/12/31"
"US1BUSET","E988DA0F6B302192E0436204548CB702 300000046987012 2013-10-25 13.20.39.492","OKC_CANCELLATION_REASONS","US1 Business Unit","FIN_IMPL","2013/10/25 13:30:39.629","BU","2013/10/25 13:30:41.526","E9917C7BA5A21944E0436204548C6BC7","FIN_IMPL","2024/02/02","FUN_BUSINESS_UNIT","0001/01/01","4712/12/31"
"US1BUSET","E988DA0F6B302192E0436204548CB702 300000046987012 2013-10-25 13.20.39.492","OKC_CLOSE_REASONS","US1 Business Unit","FIN_IMPL","2013/10/25 13:30:39.629","BU","2013/10/25 13:30:41.526","E9917C7BA5A21944E0436204548C6BC7","FIN_IMPL","2024/02/02","FUN_BUSINESS_UNIT","0001/01/01","4712/12/31"
"US1BUSET","E988DA0F6B302192E0436204548CB702 300000046987012 2013-10-25 13.20.39.492","IEX_COLLECTIONS_SETUPS","US1 Business Unit","FIN_IMPL","2013/10/25 13:30:39.629","BU","2013/10/25 13:30:41.527","E9917C7BA5A21944E0436204548C6BC7","FIN_IMPL","2024/02/02","FUN_BUSINESS_UNIT","0001/01/01","4712/12/31"
"US1BUSET","E988DA0F6B302192E0436204548CB702 300000046987012 2013-10-25 13.20.39.492","OKC_CONTRACT_TYPES","US1 Business Unit","FIN_IMPL","2013/10/25 13:30:39.629","BU","2013/10/25 13:30:41.527","E9917C7BA5A21944E0436204548C6BC7","FIN_IMPL","2024/02/02","FUN_BUSINESS_UNIT","0001/01/01","4712/12/31"
"US1BUSET","E988DA0F6B302192E0436204548CB702 300000046987012 2013-10-25 13.20.39.492","MOO_CRED_ALLOC_TEMPLATES","US1 Business Unit","FIN_IMPL","2013/10/25 13:30:39.629","BU","2013/10/25 13:30:41.527","E9917C7BA5A21944E0436204548C6BC7","FIN_IMPL","2024/02/02","FUN_BUSINESS_UNIT","0001/01/01","4712/12/31"
"CUSTSITE","E988DA0F6B302192E0436204548CB702 300000046987012 2013-10-25 13.20.39.492","HZ_CUSTOMER_ACCOUNT_RELATION","US1 Business Unit","FIN_IMPL","2013/10/25 13:30:39.629","BU","2016/08/03 15:41:19.762","392A31CB85C07921E0537AA3FD0A1E59","FIN_IMPL","2024/02/02","FUN_BUSINESS_UNIT","0001/01/01","4712/12/31"
"CUSTSITE","E988DA0F6B302192E0436204548CB702 300000046987012 2013-10-25 13.20.39.492","HZ_CUSTOMER_ACCOUNT_SITE","US1 Business Unit","FIN_IMPL","2013/10/25 13:30:39.629","BU","2013/10/30 11:18:15.094","E9F407A693AB611AE0436204548CE44A","FIN_IMPL","2024/02/02","FUN_BUSINESS_UNIT","0001/01/01","4712/12/31"
"COMMON","E988DA0F6B302192E0436204548CB702 300000046987012 2013-10-25 13.20.39.492","HRR_DASHBOARD_TEMPLATES","US1 Business Unit","FIN_IMPL","2013/10/25 13:30:39.629","BU","2013/10/28 14:09:54.374","E9CE99E81F615990E0436204548C62E6","HCM_IMPL","2024/02/02","FUN_BUSINESS_UNIT","0001/01/01","4712/12/31"
"USDEPTS","E988DA0F6B302192E0436204548CB702 300000046987012 2013-10-25 13.20.39.492","PER_DEPARTMENTS","US1 Business Unit","FIN_IMPL","2013/10/25 13:30:39.629","BU","2013/10/28 14:09:54.419","E9CE99E81F615990E0436204548C62E6","HCM_IMPL","2024/02/02","FUN_BUSINESS_UNIT","0001/01/01","4712/12/31"
"US1BUSET","E988DA0F6B302192E0436204548CB702 300000046987012 2013-10-25 13.20.39.492","IEX_DUNNING_PLANS","US1 Business Unit","FIN_IMPL","2013/10/25 13:30:39.629","BU","2013/10/25 13:30:41.53","E9917C7BA5A21944E0436204548C6BC7","FIN_IMPL","2024/02/02","FUN_BUSINESS_UNIT","0001/01/01","4712/12/31"
"US1BUSET","E988DA0F6B302192E0436204548CB702 300000046987012 2013-10-25 13.20.39.492","FND_TREE_GROUP","US1 Business Unit","FIN_IMPL","2013/10/25 13:30:39.629","BU","2013/10/25 13:30:41.53","E9917C7BA5A21944E0436204548C6BC7","FIN_IMPL","2024/02/02","FUN_BUSINESS_UNIT","0001/01/01","4712/12/31"
"COMMON","E988DA0F6B302192E0436204548CB702 300000046987012 2013-10-25 13.20.39.492","PER_GRADES","US1 Business Unit","FIN_IMPL","2013/10/25 13:30:39.629","BU","2016/04/21 18:35:06.919","31038AF3A5DF5B65E053790B548C00A6","HCM_IMPL","2024/02/02","FUN_BUSINESS_UNIT","0001/01/01","4712/12/31"
"US1BUSET","E988DA0F6B302192E0436204548CB702 300000046987012 2013-10-25 13.20.39.492","DOO_HOLD_CODES","US1 Business Unit","FIN_IMPL","2013/10/25 13:30:39.629","BU","2013/10/25 13:30:41.532","E9917C7BA5A21944E0436204548C6BC7","FIN_IMPL","2024/02/02","FUN_BUSINESS_UNIT","0001/01/01","4712/12/31"
"US1BUSET","E988DA0F6B302192E0436204548CB702 300000046987012 2013-10-25 13.20.39.492","JA_CN_TRANSFER_RULE","US1 Business Unit","FIN_IMPL","2013/10/25 13:30:39.629","BU","2013/10/25 13:30:41.532","E9917C7BA5A21944E0436204548C6BC7","FIN_IMPL","2024/02/02","FUN_BUSINESS_UNIT","0001/01/01","4712/12/31"
"COMMERCIALJOB","E988DA0F6B302192E0436204548CB702 300000046987012 2013-10-25 13.20.39.492","PER_JOBS","US1 Business Unit","FIN_IMPL","2013/10/25 13:30:39.629","BU","2013/10/28 14:09:54.422","E9CE99E81F615990E0436204548C62E6","HCM_IMPL","2024/02/02","FUN_BUSINESS_UNIT","0001/01/01","4712/12/31"
"USLOCS","E988DA0F6B302192E0436204548CB702 300000046987012 2013-10-25 13.20.39.492","PER_LOCATIONS","US1 Business Unit","FIN_IMPL","2013/10/25 13:30:39.629","BU","2013/10/28 14:09:54.423","E9CE99E81F615990E0436204548C62E6","HCM_IMPL","2024/02/02","FUN_BUSINESS_UNIT","0001/01/01","4712/12/31"
"US1BUSET","E988DA0F6B302192E0436204548CB702 300000046987012 2013-10-25 13.20.39.492","MOW_ASSESS_TEMPL_GROUP","US1 Business Unit","FIN_IMPL","2013/10/25 13:30:39.629","BU","2013/10/25 13:30:41.534","E9917C7BA5A21944E0436204548C6BC7","FIN_IMPL","2024/02/02","FUN_BUSINESS_UNIT","0001/01/01","4712/12/31"
"COMMON","E988DA0F6B302192E0436204548CB702 300000046987012 2013-10-25 13.20.39.492","DOO_ORCHESTRATION_PROCESS","US1 Business Unit","FIN_IMPL","2013/10/25 13:30:39.629","BU","2014/05/06 13:59:23.996","F8BA5A8DA9BD408BE0436204548C082F","SCM_IMPL","2024/02/02","FUN_BUSINESS_UNIT","0001/01/01","4712/12/31"
"COMMON","E988DA0F6B302192E0436204548CB702 300000046987012 2013-10-25 13.20.39.492","AP_PAYMENT_TERMS","US1 Business Unit","FIN_IMPL","2013/10/25 13:30:39.629","BU","2013/10/29 21:00:54.771","E9E434C0782C1B3AE0436204548C5DAA","FIN_IMPL","2024/02/02","FUN_BUSINESS_UNIT","0001/01/01","4712/12/31"
"COMMON","E988DA0F6B302192E0436204548CB702 300000046987012 2013-10-25 13.20.39.492","HRA_PERFORMANCE_TEMPLATES","US1 Business Unit","FIN_IMPL","2013/10/25 13:30:39.629","BU","2013/10/28 14:09:54.424","E9CE99E81F615990E0436204548C62E6","HCM_IMPL","2024/02/02","FUN_BUSINESS_UNIT","0001/01/01","4712/12/31"
"US1BUSET","E988DA0F6B302192E0436204548CB702 300000046987012 2013-10-25 13.20.39.492","PJF_ACCOUNTING_DEFINITION","US1 Business Unit","FIN_IMPL","2013/10/25 13:30:39.629","BU","2013/10/25 13:30:41.535","E9917C7BA5A21944E0436204548C6BC7","FIN_IMPL","2024/02/02","FUN_BUSINESS_UNIT","0001/01/01","4712/12/31"
"COMMON","E988DA0F6B302192E0436204548CB702 300000046987012 2013-10-25 13.20.39.492","PJF_RATES","US1 Business Unit","FIN_IMPL","2013/10/25 13:30:39.629","BU","2013/11/04 17:50:25.012","EA5E35E99D084986E0436204548CEED5","PPM_IMPL","2024/02/02","FUN_BUSINESS_UNIT","0001/01/01","4712/12/31"
"US1BUSET","E988DA0F6B302192E0436204548CB702 300000046987012 2013-10-25 13.20.39.492","AR_ACCOUNTING_RULES","US1 Business Unit","FIN_IMPL","2013/10/25 13:30:39.629","BU","2013/10/25 13:30:41.536","E9917C7BA5A21944E0436204548C6BC7","FIN_IMPL","2024/02/02","FUN_BUSINESS_UNIT","0001/01/01","4712/12/31"
"US1BUSET","E988DA0F6B302192E0436204548CB702 300000046987012 2013-10-25 13.20.39.492","AR_AGING_BUCKETS","US1 Business Unit","FIN_IMPL","2013/10/25 13:30:39.629","BU","2013/10/30 11:22:30.471","E9F407A693AB611AE0436204548CE44A","FIN_IMPL","2024/02/02","FUN_BUSINESS_UNIT","0001/01/01","4712/12/31"
"US1BUSET","E988DA0F6B302192E0436204548CB702 300000046987012 2013-10-25 13.20.39.492","AR_APP_EXCEPTION_RULES","US1 Business Unit","FIN_IMPL","2013/10/25 13:30:39.629","BU","2013/10/25 13:30:41.537","E9917C7BA5A21944E0436204548C6BC7","FIN_IMPL","2024/02/02","FUN_BUSINESS_UNIT","0001/01/01","4712/12/31"
"US1BUSET","E988DA0F6B302192E0436204548CB702 300000046987012 2013-10-25 13.20.39.492","AR_AUTOCASH_RULES","US1 Business Unit","FIN_IMPL","2013/10/25 13:30:39.629","BU","2013/10/25 13:30:41.537","E9917C7BA5A21944E0436204548C6BC7","FIN_IMPL","2024/02/02","FUN_BUSINESS_UNIT","0001/01/01","4712/12/31"
"US1BUSET","E988DA0F6B302192E0436204548CB702 300000046987012 2013-10-25 13.20.39.492","AR_AUTOMATCH_RULES","US1 Business Unit","FIN_IMPL","2013/10/25 13:30:39.629","BU","2013/10/25 13:30:41.537","E9917C7BA5A21944E0436204548C6BC7","FIN_IMPL","2024/02/02","FUN_BUSINESS_UNIT","0001/01/01","4712/12/31"
"US1BUSET","E988DA0F6B302192E0436204548CB702 300000046987012 2013-10-25 13.20.39.492","AR_COLLECTORS","US1 Business Unit","FIN_IMPL","2013/10/25 13:30:39.629","BU","2013/10/25 13:30:41.538","E9917C7BA5A21944E0436204548C6BC7","FIN_IMPL","2024/02/02","FUN_BUSINESS_UNIT","0001/01/01","4712/12/31"
"US1BUSET","E988DA0F6B302192E0436204548CB702 300000046987012 2013-10-25 13.20.39.492","AR_LOCKBOX","US1 Business Unit","FIN_IMPL","2013/10/25 13:30:39.629","BU","2013/10/25 13:30:41.538","E9917C7BA5A21944E0436204548C6BC7","FIN_IMPL","2024/02/02","FUN_BUSINESS_UNIT","0001/01/01","4712/12/31"
"US1BUSET","E988DA0F6B302192E0436204548CB702 300000046987012 2013-10-25 13.20.39.492","AR_MEMO_LINES","US1 Business Unit","FIN_IMPL","2013/10/25 13:30:39.629","BU","2013/10/25 13:30:41.539","E9917C7BA5A21944E0436204548C6BC7","FIN_IMPL","2024/02/02","FUN_BUSINESS_UNIT","0001/01/01","4712/12/31"
"US1BUSET","E988DA0F6B302192E0436204548CB702 300000046987012 2013-10-25 13.20.39.492","AR_PAYMENT_TERMS","US1 Business Unit","FIN_IMPL","2013/10/25 13:30:39.629","BU","2013/10/25 13:30:41.539","E9917C7BA5A21944E0436204548C6BC7","FIN_IMPL","2024/02/02","FUN_BUSINESS_UNIT","0001/01/01","4712/12/31"
"US1BUSET","E988DA0F6B302192E0436204548CB702 300000046987012 2013-10-25 13.20.39.492","AR_REMIT_TO_ADDRESS","US1 Business Unit","FIN_IMPL","2013/10/25 13:30:39.629","BU","2013/10/25 13:30:41.539","E9917C7BA5A21944E0436204548C6BC7","FIN_IMPL","2024/02/02","FUN_BUSINESS_UNIT","0001/01/01","4712/12/31"
"US1BUSET","E988DA0F6B302192E0436204548CB702 300000046987012 2013-10-25 13.20.39.492","AR_REVENUE_CONTINGENCIES","US1 Business Unit","FIN_IMPL","2013/10/25 13:30:39.629","BU","2013/10/25 13:30:41.54","E9917C7BA5A21944E0436204548C6BC7","FIN_IMPL","2024/02/02","FUN_BUSINESS_UNIT","0001/01/01","4712/12/31"
"US1BUSET","E988DA0F6B302192E0436204548CB702 300000046987012 2013-10-25 13.20.39.492","AR_TRANSACTION_SOURCE","US1 Business Unit","FIN_IMPL","2013/10/25 13:30:39.629","BU","2013/10/25 13:30:41.54","E9917C7BA5A21944E0436204548C6BC7","FIN_IMPL","2024/02/02","FUN_BUSINESS_UNIT","0001/01/01","4712/12/31"
"US1BUSET","E988DA0F6B302192E0436204548CB702 300000046987012 2013-10-25 13.20.39.492","AR_TRANSACTION_TYPE","US1 Business Unit","FIN_IMPL","2013/10/25 13:30:39.629","BU","2013/11/03 10:52:31.017","EA4494518FD36F17E0436204548C3ADC","FIN_IMPL","2024/02/02","FUN_BUSINESS_UNIT","0001/01/01","4712/12/31"
"US2BUSET","01B220F226E50CE5E0536204548C5B00 300000087957781 2014-08-28 15.46.27.031","QP_PRICING_RULES","US2 Business Unit","FIN_IMPL","2016/08/03 15:43:57.0","BU","2016/08/03 15:44:02.499","392A31CB85C07921E0537AA3FD0A1E59","FIN_IMPL","2024/02/02","FUN_BUSINESS_UNIT","0001/01/01","4712/12/31"
"COMMON","01B220F226E50CE5E0536204548C5B00 300000087957781 2014-08-28 15.46.27.031","AR_TRANSACTION_TYPE","US2 Business Unit","HCM_IMPL","2014/08/28 15:48:45.978","BU","2017/12/14 23:18:44.014","6055C18D4D08606DE0536AA0FD0A8CEA","FIN_IMPL","2024/02/02","FUN_BUSINESS_UNIT","0001/01/01","4712/12/31"
"US2BUSET","01B220F226E50CE5E0536204548C5B00 300000087957781 2014-08-28 15.46.27.031","HED_DUE_DATE_CAL_SETID","US2 Business Unit","FIN_IMPL","2018/05/30 14:17:13.0","BU","2018/05/30 14:18:13.938","6D6DF0359DB05BE6E0537990DF0A997A","FIN_IMPL","2024/02/02","FUN_BUSINESS_UNIT","0001/01/01","4712/12/31"
"US2BUSET","01B220F226E50CE5E0536204548C5B00 300000087957781 2014-08-28 15.46.27.031","SVC_SR_SEVERITIES","US2 Business Unit","FIN_IMPL","2018/05/30 14:17:13.0","BU","2018/05/30 14:18:13.939","6D6DF0359DB05BE6E0537990DF0A997A","FIN_IMPL","2024/02/02","FUN_BUSINESS_UNIT","0001/01/01","4712/12/31"
"US2BUSET","01B220F226E50CE5E0536204548C5B00 300000087957781 2014-08-28 15.46.27.031","VRM_REVENUE_POLICIES","US2 Business Unit","HCM_IMPL","2014/08/28 15:48:45.978","BU","2014/08/28 15:48:46.943","01B0056579B93783E0536204548C6939","HCM_IMPL","2024/02/02","FUN_BUSINESS_UNIT","0001/01/01","4712/12/31"
"US2BUSET","01B220F226E50CE5E0536204548C5B00 300000087957781 2014-08-28 15.46.27.031","VRM_REVENUE_RULES","US2 Business Unit","HCM_IMPL","2014/08/28 15:48:45.978","BU","2014/08/28 15:48:46.944","01B0056579B93783E0536204548C6939","HCM_IMPL","2024/02/02","FUN_BUSINESS_UNIT","0001/01/01","4712/12/31"
"US2BUSET","01B220F226E50CE5E0536204548C5B00 300000087957781 2014-08-28 15.46.27.031","MOO_SALES_METHODS","US2 Business Unit","HCM_IMPL","2014/08/28 15:48:45.978","BU","2014/08/28 15:48:46.944","01B0056579B93783E0536204548C6939","HCM_IMPL","2024/02/02","FUN_BUSINESS_UNIT","0001/01/01","4712/12/31"
"US2BUSET","01B220F226E50CE5E0536204548C5B00 300000087957781 2014-08-28 15.46.27.031","HZ_SALES_PERSON","US2 Business Unit","HCM_IMPL","2014/08/28 15:48:45.978","BU","2014/08/28 15:48:46.945","01B0056579B93783E0536204548C6939","HCM_IMPL","2024/02/02","FUN_BUSINESS_UNIT","0001/01/01","4712/12/31"
"US2BUSET","01B220F226E50CE5E0536204548C5B00 300000087957781 2014-08-28 15.46.27.031","MOO_SETID_REVN_CATEGORY","US2 Business Unit","HCM_IMPL","2014/08/28 15:48:45.978","BU","2014/08/28 15:48:46.945","01B0056579B93783E0536204548C6939","HCM_IMPL","2024/02/02","FUN_BUSINESS_UNIT","0001/01/01","4712/12/31"
"US2BUSET","01B220F226E50CE5E0536204548C5B00 300000087957781 2014-08-28 15.46.27.031","MOO_SETID_REVENUE_TYPE","US2 Business Unit","HCM_IMPL","2014/08/28 15:48:45.978","BU","2014/08/28 15:48:46.946","01B0056579B93783E0536204548C6939","HCM_IMPL","2024/02/02","FUN_BUSINESS_UNIT","0001/01/01","4712/12/31"
"US2BUSET","01B220F226E50CE5E0536204548C5B00 300000087957781 2014-08-28 15.46.27.031","MOO_STAGE_PHASE_CD","US2 Business Unit","HCM_IMPL","2014/08/28 15:48:45.978","BU","2014/08/28 15:48:46.947","01B0056579B93783E0536204548C6939","HCM_IMPL","2024/02/02","FUN_BUSINESS_UNIT","0001/01/01","4712/12/31"
"US2BUSET","01B220F226E50CE5E0536204548C5B00 300000087957781 2014-08-28 15.46.27.031","ZBS_STATUS_LOOKUP_VALUES","US2 Business Unit","HCM_IMPL","2014/08/28 15:48:45.978","BU","2014/08/28 15:48:46.947","01B0056579B93783E0536204548C6939","HCM_IMPL","2024/02/02","FUN_BUSINESS_UNIT","0001/01/01","4712/12/31"
"US2BUSET","01B220F226E50CE5E0536204548C5B00 300000087957781 2014-08-28 15.46.27.031","MOO_SETID_STRATEGIC_VALUE","US2 Business Unit","HCM_IMPL","2014/08/28 15:48:45.978","BU","2014/08/28 15:48:46.948","01B0056579B93783E0536204548C6939","HCM_IMPL","2024/02/02","FUN_BUSINESS_UNIT","0001/01/01","4712/12/31"
"US2BUSET","01B220F226E50CE5E0536204548C5B00 300000087957781 2014-08-28 15.46.27.031","ZX_TAX_CLASSIFICATION_CODES","US2 Business Unit","HCM_IMPL","2014/08/28 15:48:45.978","BU","2014/08/28 15:48:46.949","01B0056579B93783E0536204548C6939","HCM_IMPL","2024/02/02","FUN_BUSINESS_UNIT","0001/01/01","4712/12/31"
"US2BUSET","01B220F226E50CE5E0536204548C5B00 300000087957781 2014-08-28 15.46.27.031","MOO_SETID_WIN_LOSS_REASON","US2 Business Unit","HCM_IMPL","2014/08/28 15:48:45.978","BU","2014/08/28 15:48:46.949","01B0056579B93783E0536204548C6939","HCM_IMPL","2024/02/02","FUN_BUSINESS_UNIT","0001/01/01","4712/12/31"
"US2BUSET","01B220F226E50CE5E0536204548C5B00 300000087957781 2014-08-28 15.46.27.031","OKC_APPLY_HOLD_REASONS","US2 Business Unit","HCM_IMPL","2014/08/28 15:48:45.978","BU","2014/08/28 15:48:46.899","01B0056579B93783E0536204548C6939","HCM_IMPL","2024/02/02","FUN_BUSINESS_UNIT","0001/01/01","4712/12/31"
"US2BUSET","01B220F226E50CE5E0536204548C5B00 300000087957781 2014-08-28 15.46.27.031","OKC_CANCELLATION_REASONS","US2 Business Unit","HCM_IMPL","2014/08/28 15:48:45.978","BU","2014/08/28 15:48:46.904","01B0056579B93783E0536204548C6939","HCM_IMPL","2024/02/02","FUN_BUSINESS_UNIT","0001/01/01","4712/12/31"
"US2BUSET","01B220F226E50CE5E0536204548C5B00 300000087957781 2014-08-28 15.46.27.031","OKC_CLOSE_REASONS","US2 Business Unit","HCM_IMPL","2014/08/28 15:48:45.978","BU","2014/08/28 15:48:46.905","01B0056579B93783E0536204548C6939","HCM_IMPL","2024/02/02","FUN_BUSINESS_UNIT","0001/01/01","4712/12/31"
"US2BUSET","01B220F226E50CE5E0536204548C5B00 300000087957781 2014-08-28 15.46.27.031","IEX_COLLECTIONS_SETUPS","US2 Business Unit","HCM_IMPL","2014/08/28 15:48:45.978","BU","2014/08/28 15:48:46.905","01B0056579B93783E0536204548C6939","HCM_IMPL","2024/02/02","FUN_BUSINESS_UNIT","0001/01/01","4712/12/31"
"US2BUSET","01B220F226E50CE5E0536204548C5B00 300000087957781 2014-08-28 15.46.27.031","OKC_CONTRACT_TYPES","US2 Business Unit","HCM_IMPL","2014/08/28 15:48:45.978","BU","2014/08/28 15:48:46.914","01B0056579B93783E0536204548C6939","HCM_IMPL","2024/02/02","FUN_BUSINESS_UNIT","0001/01/01","4712/12/31"
"US2BUSET","01B220F226E50CE5E0536204548C5B00 300000087957781 2014-08-28 15.46.27.031","MOO_CRED_ALLOC_TEMPLATES","US2 Business Unit","HCM_IMPL","2014/08/28 15:48:45.978","BU","2014/08/28 15:48:46.914","01B0056579B93783E0536204548C6939","HCM_IMPL","2024/02/02","FUN_BUSINESS_UNIT","0001/01/01","4712/12/31"
"CUSTSITE","01B220F226E50CE5E0536204548C5B00 300000087957781 2014-08-28 15.46.27.031","HZ_CUSTOMER_ACCOUNT_RELATION","US2 Business Unit","HCM_IMPL","2014/08/28 15:48:45.978","BU","2016/08/03 15:44:02.502","392A31CB85C07921E0537AA3FD0A1E59","FIN_IMPL","2024/02/02","FUN_BUSINESS_UNIT","0001/01/01","4712/12/31"
"CUSTSITE","01B220F226E50CE5E0536204548C5B00 300000087957781 2014-08-28 15.46.27.031","HZ_CUSTOMER_ACCOUNT_SITE","US2 Business Unit","HCM_IMPL","2014/08/28 15:48:45.978","BU","2015/02/09 17:55:22.407","0EA7578851F41868E0536204548CFDA7","FIN_IMPL","2024/02/02","FUN_BUSINESS_UNIT","0001/01/01","4712/12/31"
"US2BUSET","01B220F226E50CE5E0536204548C5B00 300000087957781 2014-08-28 15.46.27.031","HRR_DASHBOARD_TEMPLATES","US2 Business Unit","HCM_IMPL","2014/08/28 15:48:45.978","BU","2014/08/28 15:48:46.916","01B0056579B93783E0536204548C6939","HCM_IMPL","2024/02/02","FUN_BUSINESS_UNIT","0001/01/01","4712/12/31"
"US2BUSET","01B220F226E50CE5E0536204548C5B00 300000087957781 2014-08-28 15.46.27.031","MKL_DEAL_TYPE_SETID","US2 Business Unit","HCM_IMPL","2014/08/28 15:48:45.978","BU","2014/08/28 15:48:46.917","01B0056579B93783E0536204548C6939","HCM_IMPL","2024/02/02","FUN_BUSINESS_UNIT","0001/01/01","4712/12/31"
"US2BUSET","01B220F226E50CE5E0536204548C5B00 300000087957781 2014-08-28 15.46.27.031","MOO_SETID_DECISION_LEVEL","US2 Business Unit","HCM_IMPL","2014/08/28 15:48:45.978","BU","2014/08/28 15:48:46.917","01B0056579B93783E0536204548C6939","HCM_IMPL","2024/02/02","FUN_BUSINESS_UNIT","0001/01/01","4712/12/31"
"USDEPTS","01B220F226E50CE5E0536204548C5B00 300000087957781 2014-08-28 15.46.27.031","PER_DEPARTMENTS","US2 Business Unit","HCM_IMPL","2014/08/28 15:48:45.978","BU","2014/09/02 00:09:20.981","020A731C22644661E0536204548C6346","HCM_IMPL","2024/02/02","FUN_BUSINESS_UNIT","0001/01/01","4712/12/31"
"US2BUSET","01B220F226E50CE5E0536204548C5B00 300000087957781 2014-08-28 15.46.27.031","IEX_DUNNING_PLANS","US2 Business Unit","HCM_IMPL","2014/08/28 15:48:45.978","BU","2014/08/28 15:48:46.918","01B0056579B93783E0536204548C6939","HCM_IMPL","2024/02/02","FUN_BUSINESS_UNIT","0001/01/01","4712/12/31"
"US2BUSET","01B220F226E50CE5E0536204548C5B00 300000087957781 2014-08-28 15.46.27.031","MOO_SETID_DEAL_HORIZION","US2 Business Unit","HCM_IMPL","2014/08/28 15:48:45.978","BU","2014/08/28 15:48:46.919","01B0056579B93783E0536204548C6939","HCM_IMPL","2024/02/02","FUN_BUSINESS_UNIT","0001/01/01","4712/12/31"
"US2BUSET","01B220F226E50CE5E0536204548C5B00 300000087957781 2014-08-28 15.46.27.031","FND_TREE_GROUP","US2 Business Unit","HCM_IMPL","2014/08/28 15:48:45.978","BU","2014/08/28 15:48:46.919","01B0056579B93783E0536204548C6939","HCM_IMPL","2024/02/02","FUN_BUSINESS_UNIT","0001/01/01","4712/12/31"
"COMMON","01B220F226E50CE5E0536204548C5B00 300000087957781 2014-08-28 15.46.27.031","PER_GRADES","US2 Business Unit","HCM_IMPL","2014/08/28 15:48:45.978","BU","2014/09/02 00:09:20.985","020A731C22644661E0536204548C6346","HCM_IMPL","2024/02/02","FUN_BUSINESS_UNIT","0001/01/01","4712/12/31"
"US2BUSET","01B220F226E50CE5E0536204548C5B00 300000087957781 2014-08-28 15.46.27.031","DOO_HOLD_CODES","US2 Business Unit","HCM_IMPL","2014/08/28 15:48:45.978","BU","2014/08/28 15:48:46.92","01B0056579B93783E0536204548C6939","HCM_IMPL","2024/02/02","FUN_BUSINESS_UNIT","0001/01/01","4712/12/31"
"US2BUSET","01B220F226E50CE5E0536204548C5B00 300000087957781 2014-08-28 15.46.27.031","JA_CN_TRANSFER_RULE","US2 Business Unit","HCM_IMPL","2014/08/28 15:48:45.978","BU","2014/08/28 15:48:46.922","01B0056579B93783E0536204548C6939","HCM_IMPL","2024/02/02","FUN_BUSINESS_UNIT","0001/01/01","4712/12/31"
"COMMERCIALJOB","01B220F226E50CE5E0536204548C5B00 300000087957781 2014-08-28 15.46.27.031","PER_JOBS","US2 Business Unit","HCM_IMPL","2014/08/28 15:48:45.978","BU","2014/09/02 00:09:20.987","020A731C22644661E0536204548C6346","HCM_IMPL","2024/02/02","FUN_BUSINESS_UNIT","0001/01/01","4712/12/31"
"US2BUSET","01B220F226E50CE5E0536204548C5B00 300000087957781 2014-08-28 15.46.27.031","CML_SETUPS","US2 Business Unit","HCM_IMPL","2014/08/28 15:48:45.978","BU","2014/08/28 15:48:46.923","01B0056579B93783E0536204548C6939","HCM_IMPL","2024/02/02","FUN_BUSINESS_UNIT","0001/01/01","4712/12/31"
"US2BUSET","01B220F226E50CE5E0536204548C5B00 300000087957781 2014-08-28 15.46.27.031","MKL_LEAD_BUDGET_STATUS_SETID","US2 Business Unit","HCM_IMPL","2014/08/28 15:48:45.978","BU","2014/08/28 15:48:46.924","01B0056579B93783E0536204548C6939","HCM_IMPL","2024/02/02","FUN_BUSINESS_UNIT","0001/01/01","4712/12/31"
"US2BUSET","01B220F226E50CE5E0536204548C5B00 300000087957781 2014-08-28 15.46.27.031","MKL_LEAD_CHANNEL_SETID","US2 Business Unit","HCM_IMPL","2014/08/28 15:48:45.978","BU","2014/08/28 15:48:46.924","01B0056579B93783E0536204548C6939","HCM_IMPL","2024/02/02","FUN_BUSINESS_UNIT","0001/01/01","4712/12/31"
"US2BUSET","01B220F226E50CE5E0536204548C5B00 300000087957781 2014-08-28 15.46.27.031","MKL_LEAD_RANK_SETID","US2 Business Unit","HCM_IMPL","2014/08/28 15:48:45.978","BU","2014/08/28 15:48:46.925","01B0056579B93783E0536204548C6939","HCM_IMPL","2024/02/02","FUN_BUSINESS_UNIT","0001/01/01","4712/12/31"
"US2BUSET","01B220F226E50CE5E0536204548C5B00 300000087957781 2014-08-28 15.46.27.031","MKL_LEAD_REASSIGN_REASON_SETID","US2 Business Unit","HCM_IMPL","2014/08/28 15:48:45.978","BU","2014/08/28 15:48:46.925","01B0056579B93783E0536204548C6939","HCM_IMPL","2024/02/02","FUN_BUSINESS_UNIT","0001/01/01","4712/12/31"
"US2BUSET","01B220F226E50CE5E0536204548C5B00 300000087957781 2014-08-28 15.46.27.031","MKL_REJECT_REASON_SETID","US2 Business Unit","HCM_IMPL","2014/08/28 15:48:45.978","BU","2014/08/28 15:48:46.926","01B0056579B93783E0536204548C6939","HCM_IMPL","2024/02/02","FUN_BUSINESS_UNIT","0001/01/01","4712/12/31"
"US2BUSET","01B220F226E50CE5E0536204548C5B00 300000087957781 2014-08-28 15.46.27.031","MKL_RETIRE_REASON_CD_SETID","US2 Business Unit","HCM_IMPL","2014/08/28 15:48:45.978","BU","2014/08/28 15:48:46.927","01B0056579B93783E0536204548C6939","HCM_IMPL","2024/02/02","FUN_BUSINESS_UNIT","0001/01/01","4712/12/31"
"US2BUSET","01B220F226E50CE5E0536204548C5B00 300000087957781 2014-08-28 15.46.27.031","MKL_LEAD_TIMELINE_SETID","US2 Business Unit","HCM_IMPL","2014/08/28 15:48:45.978","BU","2014/08/28 15:48:46.927","01B0056579B93783E0536204548C6939","HCM_IMPL","2024/02/02","FUN_BUSINESS_UNIT","0001/01/01","4712/12/31"
"US2BUSET","01B220F226E50CE5E0536204548C5B00 300000087957781 2014-08-28 15.46.27.031","MOO_SETID_RISK_LEVEL","US2 Business Unit","HCM_IMPL","2014/08/28 15:48:45.978","BU","2014/08/28 15:48:46.928","01B0056579B93783E0536204548C6939","HCM_IMPL","2024/02/02","FUN_BUSINESS_UNIT","0001/01/01","4712/12/31"
"USLOCS","01B220F226E50CE5E0536204548C5B00 300000087957781 2014-08-28 15.46.27.031","PER_LOCATIONS","US2 Business Unit","HCM_IMPL","2014/08/28 15:48:45.978","BU","2014/09/02 00:09:20.986","020A731C22644661E0536204548C6346","HCM_IMPL","2024/02/02","FUN_BUSINESS_UNIT","0001/01/01","4712/12/31"
"US2BUSET","01B220F226E50CE5E0536204548C5B00 300000087957781 2014-08-28 15.46.27.031","MOW_ASSESS_TEMPL_GROUP","US2 Business Unit","HCM_IMPL","2014/08/28 15:48:45.978","BU","2014/08/28 15:48:46.929","01B0056579B93783E0536204548C6939","HCM_IMPL","2024/02/02","FUN_BUSINESS_UNIT","0001/01/01","4712/12/31"
"US2BUSET","01B220F226E50CE5E0536204548C5B00 300000087957781 2014-08-28 15.46.27.031","MOO_SETID_ASSESS_OVRRIDE_RSN","US2 Business Unit","HCM_IMPL","2014/08/28 15:48:45.978","BU","2014/08/28 15:48:46.93","01B0056579B93783E0536204548C6939","HCM_IMPL","2024/02/02","FUN_BUSINESS_UNIT","0001/01/01","4712/12/31"
"US2BUSET","01B220F226E50CE5E0536204548C5B00 300000087957781 2014-08-28 15.46.27.031","DOO_ORCHESTRATION_PROCESS","US2 Business Unit","HCM_IMPL","2014/08/28 15:48:45.978","BU","2014/08/28 15:48:46.93","01B0056579B93783E0536204548C6939","HCM_IMPL","2024/02/02","FUN_BUSINESS_UNIT","0001/01/01","4712/12/31"
"US2BUSET","01B220F226E50CE5E0536204548C5B00 300000087957781 2014-08-28 15.46.27.031","AP_PAYMENT_TERMS","US2 Business Unit","HCM_IMPL","2014/08/28 15:48:45.978","BU","2014/08/28 15:48:46.931","01B0056579B93783E0536204548C6939","HCM_IMPL","2024/02/02","FUN_BUSINESS_UNIT","0001/01/01","4712/12/31"
"US2BUSET","01B220F226E50CE5E0536204548C5B00 300000087957781 2014-08-28 15.46.27.031","HRA_PERFORMANCE_TEMPLATES","US2 Business Unit","HCM_IMPL","2014/08/28 15:48:45.978","BU","2014/08/28 15:48:46.932","01B0056579B93783E0536204548C6939","HCM_IMPL","2024/02/02","FUN_BUSINESS_UNIT","0001/01/01","4712/12/31"
"US2BUSET","01B220F226E50CE5E0536204548C5B00 300000087957781 2014-08-28 15.46.27.031","PJF_ACCOUNTING_DEFINITION","US2 Business Unit","HCM_IMPL","2014/08/28 15:48:45.978","BU","2014/08/28 15:48:46.932","01B0056579B93783E0536204548C6939","HCM_IMPL","2024/02/02","FUN_BUSINESS_UNIT","0001/01/01","4712/12/31"
"US2BUSET","01B220F226E50CE5E0536204548C5B00 300000087957781 2014-08-28 15.46.27.031","PJF_RATES","US2 Business Unit","HCM_IMPL","2014/08/28 15:48:45.978","BU","2014/08/28 15:48:46.933","01B0056579B93783E0536204548C6939","HCM_IMPL","2024/02/02","FUN_BUSINESS_UNIT","0001/01/01","4712/12/31"
"US2BUSET","01B220F226E50CE5E0536204548C5B00 300000087957781 2014-08-28 15.46.27.031","AR_ACCOUNTING_RULES","US2 Business Unit","HCM_IMPL","2014/08/28 15:48:45.978","BU","2014/08/28 15:48:46.934","01B0056579B93783E0536204548C6939","HCM_IMPL","2024/02/02","FUN_BUSINESS_UNIT","0001/01/01","4712/12/31"
"US2BUSET","01B220F226E50CE5E0536204548C5B00 300000087957781 2014-08-28 15.46.27.031","AR_AGING_BUCKETS","US2 Business Unit","HCM_IMPL","2014/08/28 15:48:45.978","BU","2014/08/28 15:48:46.934","01B0056579B93783E0536204548C6939","HCM_IMPL","2024/02/02","FUN_BUSINESS_UNIT","0001/01/01","4712/12/31"
"US2BUSET","01B220F226E50CE5E0536204548C5B00 300000087957781 2014-08-28 15.46.27.031","AR_APP_EXCEPTION_RULES","US2 Business Unit","HCM_IMPL","2014/08/28 15:48:45.978","BU","2014/08/28 15:48:46.935","01B0056579B93783E0536204548C6939","HCM_IMPL","2024/02/02","FUN_BUSINESS_UNIT","0001/01/01","4712/12/31"
"US2BUSET","01B220F226E50CE5E0536204548C5B00 300000087957781 2014-08-28 15.46.27.031","AR_AUTOCASH_RULES","US2 Business Unit","HCM_IMPL","2014/08/28 15:48:45.978","BU","2014/08/28 15:48:46.936","01B0056579B93783E0536204548C6939","HCM_IMPL","2024/02/02","FUN_BUSINESS_UNIT","0001/01/01","4712/12/31"
"US2BUSET","01B220F226E50CE5E0536204548C5B00 300000087957781 2014-08-28 15.46.27.031","AR_AUTOMATCH_RULES","US2 Business Unit","HCM_IMPL","2014/08/28 15:48:45.978","BU","2014/08/28 15:48:46.937","01B0056579B93783E0536204548C6939","HCM_IMPL","2024/02/02","FUN_BUSINESS_UNIT","0001/01/01","4712/12/31"
"US2BUSET","01B220F226E50CE5E0536204548C5B00 300000087957781 2014-08-28 15.46.27.031","AR_COLLECTORS","US2 Business Unit","HCM_IMPL","2014/08/28 15:48:45.978","BU","2014/08/28 15:48:46.938","01B0056579B93783E0536204548C6939","HCM_IMPL","2024/02/02","FUN_BUSINESS_UNIT","0001/01/01","4712/12/31"
"US2BUSET","01B220F226E50CE5E0536204548C5B00 300000087957781 2014-08-28 15.46.27.031","AR_LOCKBOX","US2 Business Unit","HCM_IMPL","2014/08/28 15:48:45.978","BU","2014/08/28 15:48:46.939","01B0056579B93783E0536204548C6939","HCM_IMPL","2024/02/02","FUN_BUSINESS_UNIT","0001/01/01","4712/12/31"
"US2BUSET","01B220F226E50CE5E0536204548C5B00 300000087957781 2014-08-28 15.46.27.031","AR_MEMO_LINES","US2 Business Unit","HCM_IMPL","2014/08/28 15:48:45.978","BU","2014/08/28 15:48:46.939","01B0056579B93783E0536204548C6939","HCM_IMPL","2024/02/02","FUN_BUSINESS_UNIT","0001/01/01","4712/12/31"
"US2BUSET","01B220F226E50CE5E0536204548C5B00 300000087957781 2014-08-28 15.46.27.031","AR_PAYMENT_TERMS","US2 Business Unit","HCM_IMPL","2014/08/28 15:48:45.978","BU","2014/08/28 15:48:46.94","01B0056579B93783E0536204548C6939","HCM_IMPL","2024/02/02","FUN_BUSINESS_UNIT","0001/01/01","4712/12/31"
"US2BUSET","01B220F226E50CE5E0536204548C5B00 300000087957781 2014-08-28 15.46.27.031","AR_REMIT_TO_ADDRESS","US2 Business Unit","HCM_IMPL","2014/08/28 15:48:45.978","BU","2014/08/28 15:48:46.941","01B0056579B93783E0536204548C6939","HCM_IMPL","2024/02/02","FUN_BUSINESS_UNIT","0001/01/01","4712/12/31"
"US2BUSET","01B220F226E50CE5E0536204548C5B00 300000087957781 2014-08-28 15.46.27.031","AR_REVENUE_CONTINGENCIES","US2 Business Unit","HCM_IMPL","2014/08/28 15:48:45.978","BU","2014/08/28 15:48:46.941","01B0056579B93783E0536204548C6939","HCM_IMPL","2024/02/02","FUN_BUSINESS_UNIT","0001/01/01","4712/12/31"
"US1BUSET","01B220F226E50CE5E0536204548C5B00 300000087957781 2014-08-28 15.46.27.031","AR_TRANSACTION_SOURCE","US2 Business Unit","HCM_IMPL","2014/08/28 15:48:45.978","BU","2018/05/30 14:18:13.946","6D6DF0359DB05BE6E0537990DF0A997A","FIN_IMPL","2024/02/02","FUN_BUSINESS_UNIT","0001/01/01","4712/12/31"
"US2BUSET","01B220F226E50CE5E0536204548C5B00 300000087957781 2014-08-28 15.46.27.031","HED_ADJ_CAL_SETID","US2 Business Unit","FIN_IMPL","2018/05/30 14:17:13.0","BU","2018/05/30 14:18:13.937","6D6DF0359DB05BE6E0537990DF0A997A","FIN_IMPL","2024/02/02","FUN_BUSINESS_UNIT","0001/01/01","4712/12/31"
