<?xml version="1.0" encoding="UTF-8" standalone="no"?><MigrationProcessCSVMetadataVO>
   <MigrationProcessCSVMetadataVORow>
      <ProcessId>-999</ProcessId>
      <ProcessName>Manage Inventory Transaction Sources and Types</ProcessName>
      <ProcessDescription>Manage Inventory Transaction Sources and Types</ProcessDescription>
      <ProcessDate/>
      <ObjectShortName>INV_MANAGE_INVENTORY_TRANSACTION_SOURCES_AND_TYPES</ObjectShortName>
      <ObjectType>TASK</ObjectType>
      <CreatedByFlow>TASK_CSV_SERVICE</CreatedByFlow>
      <MigrationProcessBusinessObjectCSVMetadata1>
         <MigrationProcessBusinessObjectCSVMetadataVORow>
            <ProcessId>-999</ProcessId>
            <BusinessObjectShortName>INV_INVENTORY_TRANSACTION_SOURCE_TYPE</BusinessObjectShortName>
            <BatchName null="true"/>
            <XmlAttributeList>TransactionSourceTypeName,Description,DescriptiveFlexContextCode,EndDate,StartDate,Attribute1,Attribute2,Attribute3,Attribute4,Attribute5,Attribute6,Attribute7,Attribute8,Attribute9,Attribute10,Attribute11,Attribute12,Attribute13,Attribute14,Attribute15,AttributeCategory</XmlAttributeList>
            <XmlAttributeTypeList>string,string,string,date,date,string,string,string,string,string,string,string,string,string,string,string,string,string,string,string,string</XmlAttributeTypeList>
            <XmlNodePath>/InventorytransactionSourceTypeVO/InventorytransactionSourceTypeVORow</XmlNodePath>
            <NodeSequence>1</NodeSequence>
         </MigrationProcessBusinessObjectCSVMetadataVORow>
         <MigrationProcessBusinessObjectCSVMetadataVORow>
            <ProcessId>-999</ProcessId>
            <BusinessObjectShortName>INV_INVENTORY_TRANSACTION_SOURCE_TYPE_TRANSLATION</BusinessObjectShortName>
            <BatchName null="true"/>
            <XmlAttributeList>Language,SourceLang,TransactionSourceTypeName,Description</XmlAttributeList>
            <XmlAttributeTypeList>string,string,string,string</XmlAttributeTypeList>
            <XmlNodePath>/InventorytransactionSourceTypeVO/InventorytransactionSourceTypeVORow/OA_TL_ENTITIES/InventoryTransactionSourceTypeTranslationVORow</XmlNodePath>
            <NodeSequence>2</NodeSequence>
         </MigrationProcessBusinessObjectCSVMetadataVORow>
         <MigrationProcessBusinessObjectCSVMetadataVORow>
            <ProcessId>-999</ProcessId>
            <BusinessObjectShortName>INV_INVENTORY_TRANSACTION_TYPE</BusinessObjectShortName>
            <BatchName null="true"/>
            <XmlAttributeList>TransactionTypeName,Description,TransactionActionId,StatusControlFlag,LocationRequiredFlag,TransactionSourceTypeName,TxnSourceTypeOVN,EndDate,StartDate,Attribute1,Attribute2,Attribute3,Attribute4,Attribute5,Attribute6,Attribute7,Attribute8,Attribute9,Attribute10,Attribute11,Attribute12,Attribute13,Attribute14,Attribute15,AttributeCategory</XmlAttributeList>
            <XmlAttributeTypeList>string,string,string,long,string,string,int,date,date,string,string,string,string,string,string,string,string,string,string,string,string,string,string,string,string</XmlAttributeTypeList>
            <XmlNodePath>/InventorytransactionSourceTypeVO/InventorytransactionSourceTypeVORow/InventoryTransactionTypes/InventoryTransactionTypeVORow</XmlNodePath>
            <NodeSequence>3</NodeSequence>
         </MigrationProcessBusinessObjectCSVMetadataVORow>
         <MigrationProcessBusinessObjectCSVMetadataVORow>
            <ProcessId>-999</ProcessId>
            <BusinessObjectShortName>INV_INVENTORY_TRANSACTION_TYPE_TRANSLATION</BusinessObjectShortName>
            <BatchName null="true"/>
            <XmlAttributeList>Language,SourceLang,TransactionTypeName,Description</XmlAttributeList>
            <XmlAttributeTypeList>string,string,string,string</XmlAttributeTypeList>
            <XmlNodePath>/InventorytransactionSourceTypeVO/InventorytransactionSourceTypeVORow/InventoryTransactionTypes/InventoryTransactionTypeVORow/OA_TL_ENTITIES/InventoryTransactionTypeTranslationVORow</XmlNodePath>
            <NodeSequence>4</NodeSequence>
         </MigrationProcessBusinessObjectCSVMetadataVORow>
      </MigrationProcessBusinessObjectCSVMetadata1>
      <MigrationProcessBatchCSVMetadata null="true"/>
      <MigrationProcessScopeValueCSVMetadata null="true"/>
      <MigrationProcessMigrationObjectCSVMetadata>
         <MigrationProcessMigrationObjectCSVMetadataVORow>
            <ProcessId>-999</ProcessId>
            <BusinessObjectShortName>INV_INVENTORY_TRANSACTION_SOURCE_TYPE</BusinessObjectShortName>
            <MigrateFlag>Y</MigrateFlag>
            <IncludeExternalDataFlag>Y</IncludeExternalDataFlag>
         </MigrationProcessMigrationObjectCSVMetadataVORow>
         <MigrationProcessMigrationObjectCSVMetadataVORow>
            <ProcessId>-999</ProcessId>
            <BusinessObjectShortName>INV_INVENTORY_TRANSACTION_TYPE</BusinessObjectShortName>
            <MigrateFlag>Y</MigrateFlag>
            <IncludeExternalDataFlag>Y</IncludeExternalDataFlag>
         </MigrationProcessMigrationObjectCSVMetadataVORow>
      </MigrationProcessMigrationObjectCSVMetadata>
      <MigrationProcessTaskCSVMetadata null="true"/>
      <MigrationProcessServiceVersionCSVMetadata null="true"/>
   </MigrationProcessCSVMetadataVORow>
</MigrationProcessCSVMetadataVO>