"ORA_DOO_ORCHESTRATION_PROCESS_STATUS_RULE_SET.OrchestrationApplicationCode","ORA_DOO_ORCHESTRATION_PROCESS_STATUS_RULE_SET.StatusRulesetCode","Language","Name","SourceLang"
"DOO","ClickShipCollect1-Version 2","AR","ClickShipCollect1-Version 2","US"
"DOO","ClickShipCollect1-Version 2","CS","ClickShipCollect1-Version 2","US"
"DOO","ClickShipCollect1-Version 2","D","ClickShipCollect1-Version 2","US"
"DOO","ClickShipCollect1-Version 2","DK","ClickShipCollect1-Version 2","US"
"DOO","ClickShipCollect1-Version 2","E","ClickShipCollect1-Version 2","US"
"DOO","ClickShipCollect1-Version 2","EL","ClickShipCollect1-Version 2","US"
"DOO","ClickShipCollect1-Version 2","ESA","ClickShipCollect1-Version 2","US"
"DOO","ClickShipCollect1-Version 2","ET","ClickShipCollect1-Version 2","US"
"DOO","ClickShipCollect1-Version 2","F","ClickShipCollect1-Version 2","US"
"DOO","ClickShipCollect1-Version 2","FRC","ClickShipCollect1-Version 2","US"
"DOO","ClickShipCollect1-Version 2","HR","ClickShipCollect1-Version 2","US"
"DOO","ClickShipCollect1-Version 2","HU","ClickShipCollect1-Version 2","US"
"DOO","ClickShipCollect1-Version 2","I","ClickShipCollect1-Version 2","US"
"DOO","ClickShipCollect1-Version 2","IS","ClickShipCollect1-Version 2","US"
"DOO","ClickShipCollect1-Version 2","IW","ClickShipCollect1-Version 2","US"
"DOO","ClickShipCollect1-Version 2","JA","ClickShipCollect1-Version 2","US"
"DOO","ClickShipCollect1-Version 2","KO","ClickShipCollect1-Version 2","US"
"DOO","ClickShipCollect1-Version 2","LT","ClickShipCollect1-Version 2","US"
"DOO","ClickShipCollect1-Version 2","LV","ClickShipCollect1-Version 2","US"
"DOO","ClickShipCollect1-Version 2","N","ClickShipCollect1-Version 2","US"
"DOO","ClickShipCollect1-Version 2","NL","ClickShipCollect1-Version 2","US"
"DOO","ClickShipCollect1-Version 2","PL","ClickShipCollect1-Version 2","US"
"DOO","ClickShipCollect1-Version 2","PT","ClickShipCollect1-Version 2","US"
"DOO","ClickShipCollect1-Version 2","PTB","ClickShipCollect1-Version 2","US"
"DOO","ClickShipCollect1-Version 2","RO","ClickShipCollect1-Version 2","US"
"DOO","ClickShipCollect1-Version 2","RU","ClickShipCollect1-Version 2","US"
"DOO","ClickShipCollect1-Version 2","S","ClickShipCollect1-Version 2","US"
"DOO","ClickShipCollect1-Version 2","SF","ClickShipCollect1-Version 2","US"
"DOO","ClickShipCollect1-Version 2","SK","ClickShipCollect1-Version 2","US"
"DOO","ClickShipCollect1-Version 2","SL","ClickShipCollect1-Version 2","US"
"DOO","ClickShipCollect1-Version 2","TH","ClickShipCollect1-Version 2","US"
"DOO","ClickShipCollect1-Version 2","TR","ClickShipCollect1-Version 2","US"
"DOO","ClickShipCollect1-Version 2","US","ClickShipCollect1-Version 2","US"
"DOO","ClickShipCollect1-Version 2","ZHS","ClickShipCollect1-Version 2","US"
"DOO","ClickShipCollect1-Version 2","ZHT","ClickShipCollect1-Version 2","US"
"DOO","ClickShipCollect1-Version 1","AR","ClickShipCollect1-Version 1","US"
"DOO","ClickShipCollect1-Version 1","CS","ClickShipCollect1-Version 1","US"
"DOO","ClickShipCollect1-Version 1","D","ClickShipCollect1-Version 1","US"
"DOO","ClickShipCollect1-Version 1","DK","ClickShipCollect1-Version 1","US"
"DOO","ClickShipCollect1-Version 1","E","ClickShipCollect1-Version 1","US"
"DOO","ClickShipCollect1-Version 1","EL","ClickShipCollect1-Version 1","US"
"DOO","ClickShipCollect1-Version 1","ESA","ClickShipCollect1-Version 1","US"
"DOO","ClickShipCollect1-Version 1","ET","ClickShipCollect1-Version 1","US"
"DOO","ClickShipCollect1-Version 1","F","ClickShipCollect1-Version 1","US"
"DOO","ClickShipCollect1-Version 1","FRC","ClickShipCollect1-Version 1","US"
"DOO","ClickShipCollect1-Version 1","HR","ClickShipCollect1-Version 1","US"
"DOO","ClickShipCollect1-Version 1","HU","ClickShipCollect1-Version 1","US"
"DOO","ClickShipCollect1-Version 1","I","ClickShipCollect1-Version 1","US"
"DOO","ClickShipCollect1-Version 1","IS","ClickShipCollect1-Version 1","US"
"DOO","ClickShipCollect1-Version 1","IW","ClickShipCollect1-Version 1","US"
"DOO","ClickShipCollect1-Version 1","JA","ClickShipCollect1-Version 1","US"
"DOO","ClickShipCollect1-Version 1","KO","ClickShipCollect1-Version 1","US"
"DOO","ClickShipCollect1-Version 1","LT","ClickShipCollect1-Version 1","US"
"DOO","ClickShipCollect1-Version 1","LV","ClickShipCollect1-Version 1","US"
"DOO","ClickShipCollect1-Version 1","N","ClickShipCollect1-Version 1","US"
"DOO","ClickShipCollect1-Version 1","NL","ClickShipCollect1-Version 1","US"
"DOO","ClickShipCollect1-Version 1","PL","ClickShipCollect1-Version 1","US"
"DOO","ClickShipCollect1-Version 1","PT","ClickShipCollect1-Version 1","US"
"DOO","ClickShipCollect1-Version 1","PTB","ClickShipCollect1-Version 1","US"
"DOO","ClickShipCollect1-Version 1","RO","ClickShipCollect1-Version 1","US"
"DOO","ClickShipCollect1-Version 1","RU","ClickShipCollect1-Version 1","US"
"DOO","ClickShipCollect1-Version 1","S","ClickShipCollect1-Version 1","US"
"DOO","ClickShipCollect1-Version 1","SF","ClickShipCollect1-Version 1","US"
"DOO","ClickShipCollect1-Version 1","SK","ClickShipCollect1-Version 1","US"
"DOO","ClickShipCollect1-Version 1","SL","ClickShipCollect1-Version 1","US"
"DOO","ClickShipCollect1-Version 1","TH","ClickShipCollect1-Version 1","US"
"DOO","ClickShipCollect1-Version 1","TR","ClickShipCollect1-Version 1","US"
"DOO","ClickShipCollect1-Version 1","UK","ClickShipCollect1-Version 1","US"
"DOO","ClickShipCollect1-Version 1","US","ClickShipCollect1-Version 1","US"
"DOO","ClickShipCollect1-Version 1","VN","ClickShipCollect1-Version 1","US"
"DOO","ClickShipCollect1-Version 1","ZHS","ClickShipCollect1-Version 1","US"
"DOO","ClickShipCollect1-Version 1","ZHT","ClickShipCollect1-Version 1","US"
