"ORA_DOO_ORCHESTRATION_PROCESS_STATUS_RULE_SET.OrchestrationApplicationCode","ORA_DOO_ORCHESTRATION_PROCESS_STATUS_RULE_SET.StatusRulesetCode","SequenceNumber","StatusCode","OrchestrationApplicationCode","NotifyFlag","CompleteFlag","StatusCode1","CreatedBy","LastUpdatedBy","ConditionDisplayTaskCode","EventEmailEnabledFlag"
"DOO","ClickShipCollect1-Version 2","30","AWAIT_CUSTOMER_PICKUP","DOO","Y","N","AWAIT_CUSTOMER_PICKUP","SCM_IMPL","SCM_IMPL","""CustomerPickup""=""AWAIT_SHIP""",""
"DOO","ClickShipCollect1-Version 2","80","AWAIT_SETTLEMENT","DOO","N","N","AWAIT_SETTLEMENT","SCM_IMPL","SCM_IMPL","""Settlement""=""AWAIT_BILLING""",""
"DOO","ClickShipCollect1-Version 2","40","AWAIT_SHIP","DOO","Y","N","AWAIT_SHIP","SCM_IMPL","SCM_IMPL","""DOO_Ship""=""AWAIT_SHIP""",""
"DOO","ClickShipCollect1-Version 2","50","BACKORDERED","DOO","N","N","BACKORDERED","SCM_IMPL","SCM_IMPL","""CustomerPickup""=""BACKORDERED""OR""DOO_Ship""=""BACKORDERED""",""
"DOO","ClickShipCollect1-Version 2","90","BILLED","DOO","N","N","BILLED","SCM_IMPL","SCM_IMPL","""Settlement""=""BILLED""",""
"DOO","ClickShipCollect1-Version 2","72","CARRIER_PICKUP_COMPLETE","DOO","N","N","CARRIER_PICKUP_COMPLETE","SCM_IMPL","SCM_IMPL","""CarrierPickup""=""CARRIER_PICKUP_COMPLETE""",""
"DOO","ClickShipCollect1-Version 2","5","CREDIT_CARD_APPROVED","DOO","N","N","CREDIT_CARD_APPROVED","SCM_IMPL","SCM_IMPL","""Credit Card Payment""=""CREDIT_CARD_APPROVED""",""
"DOO","ClickShipCollect1-Version 2","75","DELIVERED","DOO","N","N","DELIVERED","SCM_IMPL","SCM_IMPL","""DeliveryConfirmation""=""DELIVER_TO_CUSTOMER""",""
"DOO","ClickShipCollect1-Version 2","60","PICKED","DOO","N","N","PICKED","SCM_IMPL","SCM_IMPL","""DOO_Ship""=""PICKED""AND""CustomerPickup""=""PICKED""",""
"DOO","ClickShipCollect1-Version 2","20","RESERVED","DOO","N","N","RESERVED","SCM_IMPL","SCM_IMPL","""DOO_Reserve""=""RESERVED""",""
"DOO","ClickShipCollect1-Version 2","110","RES_MANUAL","DOO","N","N","RES_MANUAL","SCM_IMPL","SCM_IMPL","""DOO_Reserve""=""USER_ACTION""",""
"DOO","ClickShipCollect1-Version 2","10","SCHEDULED","DOO","N","N","SCHEDULED","SCM_IMPL","SCM_IMPL","""DOO_Schedule""=""SCHEDULED""",""
"DOO","ClickShipCollect1-Version 2","100","SCH_MANUAL","DOO","N","N","SCH_MANUAL","SCM_IMPL","SCM_IMPL","""DOO_Schedule""=""USER_ACTION""",""
"DOO","ClickShipCollect1-Version 2","70","SHIPPED","DOO","N","N","SHIPPED","SCM_IMPL","SCM_IMPL","""DOO_Ship""=""SHIPPED""OR""CustomerPickup""=""SHIPPED""",""
"DOO","ClickShipCollect1-Version 2","12","SKU_PICKED","DOO","N","N","SKU_PICKED","SCM_IMPL","SCM_IMPL","""NotifyStoretoPickSKU""=""SKU_PICKED""",""
"DOO","ClickShipCollect1-Version 1","30","AWAIT_CUSTOMER_PICKUP","DOO","Y","N","AWAIT_CUSTOMER_PICKUP","SCM_IMPL","SCM_IMPL","""CustomerPickup""=""AWAIT_SHIP""",""
"DOO","ClickShipCollect1-Version 1","80","AWAIT_SETTLEMENT","DOO","N","N","AWAIT_SETTLEMENT","SCM_IMPL","SCM_IMPL","""Settlement""=""AWAIT_BILLING""",""
"DOO","ClickShipCollect1-Version 1","40","AWAIT_SHIP","DOO","Y","N","AWAIT_SHIP","SCM_IMPL","SCM_IMPL","""DOO_Ship""=""AWAIT_SHIP""",""
"DOO","ClickShipCollect1-Version 1","50","BACKORDERED","DOO","N","N","BACKORDERED","SCM_IMPL","SCM_IMPL","""CustomerPickup""=""BACKORDERED""OR""DOO_Ship""=""BACKORDERED""",""
"DOO","ClickShipCollect1-Version 1","90","BILLED","DOO","N","N","BILLED","SCM_IMPL","SCM_IMPL","""Settlement""=""BILLED""",""
"DOO","ClickShipCollect1-Version 1","72","CARRIER_PICKUP_COMPLETE","DOO","N","N","CARRIER_PICKUP_COMPLETE","SCM_IMPL","SCM_IMPL","""CarrierPickup""=""CARRIER_PICKUP_COMPLETE""",""
"DOO","ClickShipCollect1-Version 1","5","CREDIT_CARD_APPROVED","DOO","N","N","CREDIT_CARD_APPROVED","SCM_IMPL","SCM_IMPL","""Credit Card Payment""=""CREDIT_CARD_APPROVED""",""
"DOO","ClickShipCollect1-Version 1","75","DELIVERED","DOO","N","N","DELIVERED","SCM_IMPL","SCM_IMPL","""DeliveryConfirmation""=""DELIVER_TO_CUSTOMER""",""
"DOO","ClickShipCollect1-Version 1","60","PICKED","DOO","N","N","PICKED","SCM_IMPL","SCM_IMPL","""DOO_Ship""=""PICKED""AND""CustomerPickup""=""PICKED""",""
"DOO","ClickShipCollect1-Version 1","20","RESERVED","DOO","N","N","RESERVED","SCM_IMPL","SCM_IMPL","""DOO_Reserve""=""RESERVED""",""
"DOO","ClickShipCollect1-Version 1","110","RES_MANUAL","DOO","N","N","RES_MANUAL","SCM_IMPL","SCM_IMPL","""DOO_Reserve""=""USER_ACTION""",""
"DOO","ClickShipCollect1-Version 1","10","SCHEDULED","DOO","N","N","SCHEDULED","SCM_IMPL","SCM_IMPL","""DOO_Schedule""=""SCHEDULED""",""
"DOO","ClickShipCollect1-Version 1","100","SCH_MANUAL","DOO","N","N","SCH_MANUAL","SCM_IMPL","SCM_IMPL","""DOO_Schedule""=""USER_ACTION""",""
"DOO","ClickShipCollect1-Version 1","70","SHIPPED","DOO","N","N","SHIPPED","SCM_IMPL","SCM_IMPL","""DOO_Ship""=""SHIPPED""OR""CustomerPickup""=""SHIPPED""",""
"DOO","ClickShipCollect1-Version 1","12","SKU_PICKED","DOO","N","N","SKU_PICKED","SCM_IMPL","SCM_IMPL","""NotifyStoretoPickSKU""=""SKU_PICKED""",""
