"INV_INVENTORY_TRANSACTION_SOURCE_TYPE.TransactionSourceTypeName","INV_INVENTORY_TRANSACTION_TYPE.TransactionTypeName","Language","SourceLang","TransactionTypeName","Description"
"Project Issue","Project Issue","AR","US","Project Issue","Project Related Transactions"
"Project Issue","Project Issue","CS","US","Project Issue","Project Related Transactions"
"Project Issue","Project Issue","D","US","Project Issue","Project Related Transactions"
"Project Issue","Project Issue","DK","US","Project Issue","Project Related Transactions"
"Project Issue","Project Issue","E","US","Project Issue","Project Related Transactions"
"Project Issue","Project Issue","EL","US","Project Issue","Project Related Transactions"
"Project Issue","Project Issue","ESA","US","Project Issue","Project Related Transactions"
"Project Issue","Project Issue","ET","US","Project Issue","Project Related Transactions"
"Project Issue","Project Issue","F","US","Project Issue","Project Related Transactions"
"Project Issue","Project Issue","FRC","US","Project Issue","Project Related Transactions"
"Project Issue","Project Issue","HR","US","Project Issue","Project Related Transactions"
"Project Issue","Project Issue","HU","US","Project Issue","Project Related Transactions"
"Project Issue","Project Issue","I","US","Project Issue","Project Related Transactions"
"Project Issue","Project Issue","IS","US","Project Issue","Project Related Transactions"
"Project Issue","Project Issue","IW","US","Project Issue","Project Related Transactions"
"Project Issue","Project Issue","JA","US","Project Issue","Project Related Transactions"
"Project Issue","Project Issue","KO","US","Project Issue","Project Related Transactions"
"Project Issue","Project Issue","LT","US","Project Issue","Project Related Transactions"
"Project Issue","Project Issue","LV","US","Project Issue","Project Related Transactions"
"Project Issue","Project Issue","N","US","Project Issue","Project Related Transactions"
"Project Issue","Project Issue","NL","US","Project Issue","Project Related Transactions"
"Project Issue","Project Issue","PL","US","Project Issue","Project Related Transactions"
"Project Issue","Project Issue","PT","US","Project Issue","Project Related Transactions"
"Project Issue","Project Issue","PTB","US","Project Issue","Project Related Transactions"
"Project Issue","Project Issue","RO","US","Project Issue","Project Related Transactions"
"Project Issue","Project Issue","RU","US","Project Issue","Project Related Transactions"
"Project Issue","Project Issue","S","US","Project Issue","Project Related Transactions"
"Project Issue","Project Issue","SF","US","Project Issue","Project Related Transactions"
"Project Issue","Project Issue","SK","US","Project Issue","Project Related Transactions"
"Project Issue","Project Issue","SL","US","Project Issue","Project Related Transactions"
"Project Issue","Project Issue","TH","US","Project Issue","Project Related Transactions"
"Project Issue","Project Issue","TR","US","Project Issue","Project Related Transactions"
"Project Issue","Project Issue","US","US","Project Issue","Project Related Transactions"
"Project Issue","Project Issue","ZHS","US","Project Issue","Project Related Transactions"
"Project Issue","Project Issue","ZHT","US","Project Issue","Project Related Transactions"
