"INV_INVENTORY_TRANSACTION_SOURCE_TYPE.TransactionSourceTypeName","Language","SourceLang","TransactionSourceTypeName","Description"
"Manufacturing Receipt","US","US","Manufacturing Receipt","Manufacturing Receipt"
"Manufacturing Receipt","AR","US","Manufacturing Receipt","Manufacturing Receipt"
"Manufacturing Receipt","CS","US","Manufacturing Receipt","Manufacturing Receipt"
"Manufacturing Receipt","DK","US","Manufacturing Receipt","Manufacturing Receipt"
"Manufacturing Receipt","D","US","Manufacturing Receipt","Manufacturing Receipt"
"Manufacturing Receipt","E","US","Manufacturing Receipt","Manufacturing Receipt"
"Manufacturing Receipt","SF","US","Manufacturing Receipt","Manufacturing Receipt"
"Manufacturing Receipt","F","US","Manufacturing Receipt","Manufacturing Receipt"
"Manufacturing Receipt","FRC","US","Manufacturing Receipt","Manufacturing Receipt"
"Manufacturing Receipt","HU","US","Manufacturing Receipt","Manufacturing Receipt"
"Manufacturing Receipt","I","US","Manufacturing Receipt","Manufacturing Receipt"
"Manufacturing Receipt","IW","US","Manufacturing Receipt","Manufacturing Receipt"
"Manufacturing Receipt","JA","JA","製造受入","製造受入"
"Manufacturing Receipt","KO","US","Manufacturing Receipt","Manufacturing Receipt"
"Manufacturing Receipt","NL","US","Manufacturing Receipt","Manufacturing Receipt"
"Manufacturing Receipt","N","US","Manufacturing Receipt","Manufacturing Receipt"
"Manufacturing Receipt","PL","US","Manufacturing Receipt","Manufacturing Receipt"
"Manufacturing Receipt","PTB","US","Manufacturing Receipt","Manufacturing Receipt"
"Manufacturing Receipt","RO","US","Manufacturing Receipt","Manufacturing Receipt"
"Manufacturing Receipt","RU","US","Manufacturing Receipt","Manufacturing Receipt"
"Manufacturing Receipt","S","US","Manufacturing Receipt","Manufacturing Receipt"
"Manufacturing Receipt","TR","US","Manufacturing Receipt","Manufacturing Receipt"
"Manufacturing Receipt","ZHS","US","Manufacturing Receipt","Manufacturing Receipt"
"Manufacturing Receipt","ZHT","US","Manufacturing Receipt","Manufacturing Receipt"
"Manufacturing Receipt","TH","US","Manufacturing Receipt","Manufacturing Receipt"
"Manufacturing Receipt","EL","US","Manufacturing Receipt","Manufacturing Receipt"
"Manufacturing Receipt","ESA","US","Manufacturing Receipt","Manufacturing Receipt"
"Manufacturing Receipt","HR","US","Manufacturing Receipt","Manufacturing Receipt"
"Manufacturing Receipt","IS","US","Manufacturing Receipt","Manufacturing Receipt"
"Manufacturing Receipt","LT","US","Manufacturing Receipt","Manufacturing Receipt"
"Manufacturing Receipt","PT","US","Manufacturing Receipt","Manufacturing Receipt"
"Manufacturing Receipt","SK","US","Manufacturing Receipt","Manufacturing Receipt"
"Manufacturing Receipt","SL","US","Manufacturing Receipt","Manufacturing Receipt"
"Manufacturing Receipt","ET","US","Manufacturing Receipt","Manufacturing Receipt"
"Manufacturing Receipt","LV","US","Manufacturing Receipt","Manufacturing Receipt"
"Project Issue","ZHT","US","Project Issue","Project Related Transactions"
"Project Issue","ZHS","US","Project Issue","Project Related Transactions"
"Project Issue","TR","US","Project Issue","Project Related Transactions"
"Project Issue","SF","US","Project Issue","Project Related Transactions"
"Project Issue","S","US","Project Issue","Project Related Transactions"
"Project Issue","RU","US","Project Issue","Project Related Transactions"
"Project Issue","RO","US","Project Issue","Project Related Transactions"
"Project Issue","PTB","US","Project Issue","Project Related Transactions"
"Project Issue","PL","US","Project Issue","Project Related Transactions"
"Project Issue","NL","US","Project Issue","Project Related Transactions"
"Project Issue","N","US","Project Issue","Project Related Transactions"
"Project Issue","KO","US","Project Issue","Project Related Transactions"
"Project Issue","JA","US","Project Issue","Project Related Transactions"
"Project Issue","I","US","Project Issue","Project Related Transactions"
"Project Issue","FRC","US","Project Issue","Project Related Transactions"
"Project Issue","F","US","Project Issue","Project Related Transactions"
"Project Issue","E","US","Project Issue","Project Related Transactions"
"Project Issue","DK","US","Project Issue","Project Related Transactions"
"Project Issue","D","US","Project Issue","Project Related Transactions"
"Project Issue","CS","US","Project Issue","Project Related Transactions"
"Project Issue","AR","US","Project Issue","Project Related Transactions"
"Project Issue","US","US","Project Issue","Project Related Transactions"
"Project Issue","HU","US","Project Issue","Project Related Transactions"
"Project Issue","IW","US","Project Issue","Project Related Transactions"
"Project Issue","TH","US","Project Issue","Project Related Transactions"
"Project Issue","EL","US","Project Issue","Project Related Transactions"
"Project Issue","ESA","US","Project Issue","Project Related Transactions"
"Project Issue","HR","US","Project Issue","Project Related Transactions"
"Project Issue","IS","US","Project Issue","Project Related Transactions"
"Project Issue","LT","US","Project Issue","Project Related Transactions"
"Project Issue","PT","US","Project Issue","Project Related Transactions"
"Project Issue","SK","US","Project Issue","Project Related Transactions"
"Project Issue","SL","US","Project Issue","Project Related Transactions"
"Project Issue","ET","US","Project Issue","Project Related Transactions"
"Project Issue","LV","US","Project Issue","Project Related Transactions"
