"ClientBuName","ClientOrganizationCode","ProviderBuName","ProviderOrganizationCode","UpstreamFunctionId","DownstreamFunctionId","AnyProvidersFlag","ActiveFlag","CreatedBy","CreationDate","LastUpdatedBy","LastUpdateDate","LastUpdateLogin","SysEffectiveDate","ClientClassificationCode","ClientEffectiveStartDate","ClientEffectiveEndDate","ProviderClassificationCode","ProviderEffectiveStartDate","ProviderEffectiveEndDate"
"AU Council Business Unit","AU Council Business Unit$$?$$FUN_BUSINESS_UNIT","AU Council Business Unit","AU Council Business Unit$$?$$FUN_BUSINESS_UNIT","30","40","N","Y","FIN_IMPL","2021/02/02 16:50:41.538","FIN_IMPL","2021/02/02 16:50:42.087","BA5CCB5A83A437C4E0539E90DF0AD83E","2024/02/13","FUN_BUSINESS_UNIT","0001/01/01","4712/12/31","FUN_BUSINESS_UNIT","0001/01/01","4712/12/31"
"AU Council Business Unit","AU Council Business Unit$$?$$FUN_BUSINESS_UNIT","AU Council Business Unit","AU Council Business Unit$$?$$FUN_BUSINESS_UNIT","10","110","N","Y","FIN_IMPL","2021/02/02 16:50:41.953","FIN_IMPL","2021/02/02 16:50:42.088","BA5CCB5A83A437C4E0539E90DF0AD83E","2024/02/13","FUN_BUSINESS_UNIT","0001/01/01","4712/12/31","FUN_BUSINESS_UNIT","0001/01/01","4712/12/31"
"AU Council Business Unit","AU Council Business Unit$$?$$FUN_BUSINESS_UNIT","AU Council Business Unit","AU Council Business Unit$$?$$FUN_BUSINESS_UNIT","10","20","N","Y","FIN_IMPL","2021/02/02 16:50:41.959","FIN_IMPL","2021/02/02 16:50:42.088","BA5CCB5A83A437C4E0539E90DF0AD83E","2024/02/13","FUN_BUSINESS_UNIT","0001/01/01","4712/12/31","FUN_BUSINESS_UNIT","0001/01/01","4712/12/31"
"AU Council Business Unit","AU Council Business Unit$$?$$FUN_BUSINESS_UNIT","AU Council Business Unit","AU Council Business Unit$$?$$FUN_BUSINESS_UNIT","120","110","N","Y","FIN_IMPL","2021/02/02 16:50:41.966","FIN_IMPL","2021/02/02 16:50:42.088","BA5CCB5A83A437C4E0539E90DF0AD83E","2024/02/13","FUN_BUSINESS_UNIT","0001/01/01","4712/12/31","FUN_BUSINESS_UNIT","0001/01/01","4712/12/31"
